2026-02-24T12:19:04.066-03:00  INFO 27044 --- [msclientes] [restartedMain] c.g.d.msclientes.MsclientesApplication   : Starting MsclientesApplication using Java 21.0.7 with PID 27044 (C:\Users\joanb\OneDrive\Área de Trabalho\Projetos\microservicos\msclientes\target\classes started by joanb in C:\Users\joanb\OneDrive\Área de Trabalho\Projetos\microservicos\msclientes)
2026-02-24T12:19:04.070-03:00  INFO 27044 --- [msclientes] [restartedMain] c.g.d.msclientes.MsclientesApplication   : The following 1 profile is active: "dev"
2026-02-24T12:19:04.141-03:00  INFO 27044 --- [msclientes] [restartedMain] .e.DevToolsPropertyDefaultsPostProcessor : Devtools property defaults active! Set 'spring.devtools.add-properties' to 'false' to disable
2026-02-24T12:19:04.142-03:00  INFO 27044 --- [msclientes] [restartedMain] .e.DevToolsPropertyDefaultsPostProcessor : For additional web related logging consider setting the 'logging.level.web' property to 'DEBUG'
2026-02-24T12:19:04.848-03:00  INFO 27044 --- [msclientes] [restartedMain] .s.d.r.c.RepositoryConfigurationDelegate : Bootstrapping Spring Data JPA repositories in DEFAULT mode.
2026-02-24T12:19:04.971-03:00  INFO 27044 --- [msclientes] [restartedMain] .s.d.r.c.RepositoryConfigurationDelegate : Finished Spring Data repository scanning in 114 ms. Found 1 JPA repository interface.
2026-02-24T12:19:05.334-03:00  INFO 27044 --- [msclientes] [restartedMain] o.s.cloud.context.scope.GenericScope     : BeanFactory id=98c0abdc-4faa-320a-aa18-c7685c44e77f
2026-02-24T12:19:06.156-03:00  INFO 27044 --- [msclientes] [restartedMain] o.s.boot.tomcat.TomcatWebServer          : Tomcat initialized with port 0 (http)
2026-02-24T12:19:06.178-03:00  INFO 27044 --- [msclientes] [restartedMain] o.apache.catalina.core.StandardService   : Starting service [Tomcat]
2026-02-24T12:19:06.179-03:00  INFO 27044 --- [msclientes] [restartedMain] o.apache.catalina.core.StandardEngine    : Starting Servlet engine: [Apache Tomcat/11.0.15]
2026-02-24T12:19:06.241-03:00  INFO 27044 --- [msclientes] [restartedMain] b.w.c.s.WebApplicationContextInitializer : Root WebApplicationContext: initialization completed in 2098 ms
2026-02-24T12:19:06.629-03:00  INFO 27044 --- [msclientes] [restartedMain] org.hibernate.orm.jpa                    : HHH008540: Processing PersistenceUnitInfo [name: default]
2026-02-24T12:19:06.737-03:00  INFO 27044 --- [msclientes] [restartedMain] org.hibernate.orm.core                   : HHH000001: Hibernate ORM core version 7.2.0.Final
2026-02-24T12:19:07.416-03:00  INFO 27044 --- [msclientes] [restartedMain] o.s.o.j.p.SpringPersistenceUnitInfo      : No LoadTimeWeaver setup: ignoring JPA class transformer
2026-02-24T12:19:07.462-03:00  INFO 27044 --- [msclientes] [restartedMain] com.zaxxer.hikari.HikariDataSource       : HikariPool-1 - Starting...
2026-02-24T12:19:07.674-03:00  INFO 27044 --- [msclientes] [restartedMain] com.zaxxer.hikari.pool.HikariPool        : HikariPool-1 - Added connection conn0: url=jdbc:h2:mem:dbinmemory user=SA
2026-02-24T12:19:07.675-03:00  INFO 27044 --- [msclientes] [restartedMain] com.zaxxer.hikari.HikariDataSource       : HikariPool-1 - Start completed.
2026-02-24T12:19:07.742-03:00  INFO 27044 --- [msclientes] [restartedMain] org.hibernate.orm.connections.pooling    : HHH10001005: Database info:
	Database JDBC URL [jdbc:h2:mem:dbinmemory]
	Database driver: H2 JDBC Driver
	Database dialect: H2Dialect
	Database version: 2.4.240
	Default catalog/schema: DBINMEMORY/PUBLIC
	Autocommit mode: undefined/unknown
	Isolation level: READ_COMMITTED [default READ_COMMITTED]
	JDBC fetch size: 100
	Pool: DataSourceConnectionProvider
	Minimum pool size: undefined/unknown
	Maximum pool size: undefined/unknown
2026-02-24T12:19:08.680-03:00  INFO 27044 --- [msclientes] [restartedMain] org.hibernate.orm.core                   : HHH000489: No JTA platform available (set 'hibernate.transaction.jta.platform' to enable JTA platform integration)
2026-02-24T12:19:08.748-03:00  INFO 27044 --- [msclientes] [restartedMain] j.LocalContainerEntityManagerFactoryBean : Initialized JPA EntityManagerFactory for persistence unit 'default'
2026-02-24T12:19:08.880-03:00  INFO 27044 --- [msclientes] [restartedMain] o.s.d.j.r.query.QueryEnhancerFactories   : Hibernate is in classpath; If applicable, HQL parser will be used.
2026-02-24T12:19:09.132-03:00  WARN 27044 --- [msclientes] [restartedMain] JpaBaseConfiguration$JpaWebConfiguration : spring.jpa.open-in-view is enabled by default. Therefore, database queries may be performed during view rendering. Explicitly configure spring.jpa.open-in-view to disable this warning
2026-02-24T12:19:09.667-03:00  INFO 27044 --- [msclientes] [restartedMain] DiscoveryClientOptionalArgsConfiguration : Eureka HTTP Client uses RestClient.
2026-02-24T12:19:09.719-03:00  WARN 27044 --- [msclientes] [restartedMain] iguration$LoadBalancerCaffeineWarnLogger : Spring Cloud LoadBalancer is currently working with the default cache. While this cache implementation is useful for development and tests, it's recommended to use Caffeine cache in production.You can switch to using Caffeine cache, by adding it and org.springframework.cache.caffeine.CaffeineCacheManager to the classpath.
2026-02-24T12:19:09.767-03:00  INFO 27044 --- [msclientes] [restartedMain] o.s.boot.tomcat.TomcatWebServer          : Tomcat started on port 58226 (http) with context path '/'
2026-02-24T12:19:09.769-03:00  INFO 27044 --- [msclientes] [restartedMain] .s.c.n.e.s.EurekaAutoServiceRegistration : Updating port to 58226
2026-02-24T12:19:09.775-03:00  INFO 27044 --- [msclientes] [restartedMain] o.s.c.n.eureka.InstanceInfoFactory       : Setting initial instance status as: STARTING
2026-02-24T12:19:09.800-03:00  INFO 27044 --- [msclientes] [restartedMain] com.netflix.discovery.DiscoveryClient    : Initializing Eureka in region us-east-1
2026-02-24T12:19:09.803-03:00  INFO 27044 --- [msclientes] [restartedMain] c.n.d.s.r.aws.ConfigClusterResolver      : Resolving eureka endpoints via configuration
2026-02-24T12:19:09.815-03:00  INFO 27044 --- [msclientes] [restartedMain] com.netflix.discovery.DiscoveryClient    : Disable delta property : false
2026-02-24T12:19:09.815-03:00  INFO 27044 --- [msclientes] [restartedMain] com.netflix.discovery.DiscoveryClient    : Single vip registry refresh property : null
2026-02-24T12:19:09.816-03:00  INFO 27044 --- [msclientes] [restartedMain] com.netflix.discovery.DiscoveryClient    : Force full registry fetch : false
2026-02-24T12:19:09.816-03:00  INFO 27044 --- [msclientes] [restartedMain] com.netflix.discovery.DiscoveryClient    : Application is null : false
2026-02-24T12:19:09.816-03:00  INFO 27044 --- [msclientes] [restartedMain] com.netflix.discovery.DiscoveryClient    : Registered Applications size is zero : true
2026-02-24T12:19:09.816-03:00  INFO 27044 --- [msclientes] [restartedMain] com.netflix.discovery.DiscoveryClient    : Application version is -1: true
2026-02-24T12:19:09.816-03:00  INFO 27044 --- [msclientes] [restartedMain] com.netflix.discovery.DiscoveryClient    : Getting all instance registry info from the eureka server
2026-02-24T12:19:10.494-03:00  INFO 27044 --- [msclientes] [restartedMain] com.netflix.discovery.DiscoveryClient    : The response status is 200
2026-02-24T12:19:10.499-03:00  INFO 27044 --- [msclientes] [restartedMain] com.netflix.discovery.DiscoveryClient    : Starting heartbeat executor: renew interval is: 30
2026-02-24T12:19:10.502-03:00  INFO 27044 --- [msclientes] [restartedMain] c.n.discovery.InstanceInfoReplicator     : InstanceInfoReplicator onDemand update allowed rate per min is 4
2026-02-24T12:19:10.505-03:00  INFO 27044 --- [msclientes] [restartedMain] com.netflix.discovery.DiscoveryClient    : Discovery Client initialized at timestamp 1771946350503 with initial instances count: 0
2026-02-24T12:19:10.510-03:00  INFO 27044 --- [msclientes] [restartedMain] o.s.c.n.e.s.EurekaServiceRegistry        : Registering application MSCLIENTES with eureka with status UP
2026-02-24T12:19:10.511-03:00  INFO 27044 --- [msclientes] [restartedMain] com.netflix.discovery.DiscoveryClient    : Saw local status change event StatusChangeEvent [timestamp=1771946350511, current=UP, previous=STARTING]
2026-02-24T12:19:10.512-03:00  INFO 27044 --- [msclientes] [DiscoveryClient-InstanceInfoReplicator-%d] com.netflix.discovery.DiscoveryClient    : DiscoveryClient_MSCLIENTES/msclientes:161d232b2676b5eae63df1eada740d3f: registering service...
2026-02-24T12:19:10.524-03:00  INFO 27044 --- [msclientes] [restartedMain] c.g.d.msclientes.MsclientesApplication   : Started MsclientesApplication in 6.935 seconds (process running for 7.638)
2026-02-24T12:19:10.662-03:00  INFO 27044 --- [msclientes] [DiscoveryClient-InstanceInfoReplicator-%d] com.netflix.discovery.DiscoveryClient    : DiscoveryClient_MSCLIENTES/msclientes:161d232b2676b5eae63df1eada740d3f - registration status: 204
2026-02-24T12:19:40.502-03:00  INFO 27044 --- [msclientes] [DiscoveryClient-CacheRefreshExecutor-%d] com.netflix.discovery.DiscoveryClient    : Disable delta property : false
2026-02-24T12:19:40.502-03:00  INFO 27044 --- [msclientes] [DiscoveryClient-CacheRefreshExecutor-%d] com.netflix.discovery.DiscoveryClient    : Single vip registry refresh property : null
2026-02-24T12:19:40.502-03:00  INFO 27044 --- [msclientes] [DiscoveryClient-CacheRefreshExecutor-%d] com.netflix.discovery.DiscoveryClient    : Force full registry fetch : false
2026-02-24T12:19:40.503-03:00  INFO 27044 --- [msclientes] [DiscoveryClient-CacheRefreshExecutor-%d] com.netflix.discovery.DiscoveryClient    : Application is null : false
2026-02-24T12:19:40.503-03:00  INFO 27044 --- [msclientes] [DiscoveryClient-CacheRefreshExecutor-%d] com.netflix.discovery.DiscoveryClient    : Registered Applications size is zero : true
2026-02-24T12:19:40.503-03:00  INFO 27044 --- [msclientes] [DiscoveryClient-CacheRefreshExecutor-%d] com.netflix.discovery.DiscoveryClient    : Application version is -1: false
2026-02-24T12:19:40.503-03:00  INFO 27044 --- [msclientes] [DiscoveryClient-CacheRefreshExecutor-%d] com.netflix.discovery.DiscoveryClient    : Getting all instance registry info from the eureka server
2026-02-24T12:19:40.586-03:00  INFO 27044 --- [msclientes] [DiscoveryClient-CacheRefreshExecutor-%d] com.netflix.discovery.DiscoveryClient    : The response status is 200
2026-02-24T12:23:40.643-03:00  INFO 27044 --- [msclientes] [http-nio-auto-1-exec-1] o.a.c.c.C.[Tomcat].[localhost].[/]       : Initializing Spring DispatcherServlet 'dispatcherServlet'
2026-02-24T12:23:40.644-03:00  INFO 27044 --- [msclientes] [http-nio-auto-1-exec-1] o.s.web.servlet.DispatcherServlet        : Initializing Servlet 'dispatcherServlet'
2026-02-24T12:23:40.645-03:00  INFO 27044 --- [msclientes] [http-nio-auto-1-exec-1] o.s.web.servlet.DispatcherServlet        : Completed initialization in 1 ms
2026-02-24T12:24:09.827-03:00  INFO 27044 --- [msclientes] [AsyncResolver-bootstrap-executor-%d] c.n.d.s.r.aws.ConfigClusterResolver      : Resolving eureka endpoints via configuration
2026-02-24T12:24:29.284-03:00  INFO 27044 --- [msclientes] [SpringApplicationShutdownHook] o.s.c.n.e.s.EurekaServiceRegistry        : Unregistering application MSCLIENTES with eureka with status DOWN
2026-02-24T12:24:29.285-03:00  INFO 27044 --- [msclientes] [SpringApplicationShutdownHook] com.netflix.discovery.DiscoveryClient    : Saw local status change event StatusChangeEvent [timestamp=1771946669284, current=DOWN, previous=UP]
2026-02-24T12:24:29.285-03:00  INFO 27044 --- [msclientes] [DiscoveryClient-InstanceInfoReplicator-%d] com.netflix.discovery.DiscoveryClient    : DiscoveryClient_MSCLIENTES/msclientes:161d232b2676b5eae63df1eada740d3f: registering service...
2026-02-24T12:24:29.287-03:00  INFO 27044 --- [msclientes] [SpringApplicationShutdownHook] o.s.boot.tomcat.GracefulShutdown         : Commencing graceful shutdown. Waiting for active requests to complete
2026-02-24T12:24:29.293-03:00  INFO 27044 --- [msclientes] [tomcat-shutdown] o.s.boot.tomcat.GracefulShutdown         : Graceful shutdown complete
2026-02-24T12:24:29.296-03:00  INFO 27044 --- [msclientes] [SpringApplicationShutdownHook] j.LocalContainerEntityManagerFactoryBean : Closing JPA EntityManagerFactory for persistence unit 'default'
2026-02-24T12:24:29.300-03:00  WARN 27044 --- [msclientes] [SpringApplicationShutdownHook] o.s.b.f.support.DisposableBeanAdapter    : Invocation of destroy method failed on bean with name 'inMemoryDatabaseShutdownExecutor': org.h2.jdbc.JdbcSQLNonTransientConnectionException: Database is already closed (to disable automatic closing at VM shutdown, add ";DB_CLOSE_ON_EXIT=FALSE" to the db URL) [90121-240]
2026-02-24T12:24:29.301-03:00  INFO 27044 --- [msclientes] [SpringApplicationShutdownHook] com.zaxxer.hikari.HikariDataSource       : HikariPool-1 - Shutdown initiated...
2026-02-24T12:24:29.302-03:00  INFO 27044 --- [msclientes] [SpringApplicationShutdownHook] com.zaxxer.hikari.HikariDataSource       : HikariPool-1 - Shutdown completed.
2026-02-24T12:24:29.303-03:00  INFO 27044 --- [msclientes] [SpringApplicationShutdownHook] com.netflix.discovery.DiscoveryClient    : Shutting down DiscoveryClient ...
2026-02-24T12:24:29.355-03:00  INFO 27044 --- [msclientes] [DiscoveryClient-InstanceInfoReplicator-%d] com.netflix.discovery.DiscoveryClient    : DiscoveryClient_MSCLIENTES/msclientes:161d232b2676b5eae63df1eada740d3f - registration status: 204
2026-02-24T12:24:29.355-03:00  INFO 27044 --- [msclientes] [SpringApplicationShutdownHook] com.netflix.discovery.DiscoveryClient    : Unregistering ...
2026-02-24T12:24:29.416-03:00  INFO 27044 --- [msclientes] [SpringApplicationShutdownHook] com.netflix.discovery.DiscoveryClient    : DiscoveryClient_MSCLIENTES/msclientes:161d232b2676b5eae63df1eada740d3f - deregister  status: 200
2026-02-24T12:24:29.416-03:00  INFO 27044 --- [msclientes] [SpringApplicationShutdownHook] com.netflix.discovery.DiscoveryClient    : Completed shut down of DiscoveryClient
2026-02-24T12:24:31.501-03:00  INFO 18820 --- [msclientes] [restartedMain] c.g.d.msclientes.MsclientesApplication   : Starting MsclientesApplication using Java 21.0.7 with PID 18820 (C:\Users\joanb\OneDrive\Área de Trabalho\Projetos\microservicos\msclientes\target\classes started by joanb in C:\Users\joanb\OneDrive\Área de Trabalho\Projetos\microservicos\msclientes)
2026-02-24T12:24:31.504-03:00  INFO 18820 --- [msclientes] [restartedMain] c.g.d.msclientes.MsclientesApplication   : The following 1 profile is active: "dev"
2026-02-24T12:24:31.556-03:00  INFO 18820 --- [msclientes] [restartedMain] .e.DevToolsPropertyDefaultsPostProcessor : Devtools property defaults active! Set 'spring.devtools.add-properties' to 'false' to disable
2026-02-24T12:24:31.556-03:00  INFO 18820 --- [msclientes] [restartedMain] .e.DevToolsPropertyDefaultsPostProcessor : For additional web related logging consider setting the 'logging.level.web' property to 'DEBUG'
2026-02-24T12:24:32.244-03:00  INFO 18820 --- [msclientes] [restartedMain] .s.d.r.c.RepositoryConfigurationDelegate : Bootstrapping Spring Data JPA repositories in DEFAULT mode.
2026-02-24T12:24:32.355-03:00  INFO 18820 --- [msclientes] [restartedMain] .s.d.r.c.RepositoryConfigurationDelegate : Finished Spring Data repository scanning in 103 ms. Found 1 JPA repository interface.
2026-02-24T12:24:32.545-03:00  INFO 18820 --- [msclientes] [restartedMain] o.s.cloud.context.scope.GenericScope     : BeanFactory id=98c0abdc-4faa-320a-aa18-c7685c44e77f
2026-02-24T12:24:33.027-03:00  INFO 18820 --- [msclientes] [restartedMain] o.s.boot.tomcat.TomcatWebServer          : Tomcat initialized with port 0 (http)
2026-02-24T12:24:33.051-03:00  INFO 18820 --- [msclientes] [restartedMain] o.apache.catalina.core.StandardService   : Starting service [Tomcat]
2026-02-24T12:24:33.052-03:00  INFO 18820 --- [msclientes] [restartedMain] o.apache.catalina.core.StandardEngine    : Starting Servlet engine: [Apache Tomcat/11.0.15]
2026-02-24T12:24:33.107-03:00  INFO 18820 --- [msclientes] [restartedMain] b.w.c.s.WebApplicationContextInitializer : Root WebApplicationContext: initialization completed in 1550 ms
2026-02-24T12:24:33.387-03:00  INFO 18820 --- [msclientes] [restartedMain] org.hibernate.orm.jpa                    : HHH008540: Processing PersistenceUnitInfo [name: default]
2026-02-24T12:24:33.448-03:00  INFO 18820 --- [msclientes] [restartedMain] org.hibernate.orm.core                   : HHH000001: Hibernate ORM core version 7.2.0.Final
2026-02-24T12:24:33.917-03:00  INFO 18820 --- [msclientes] [restartedMain] o.s.o.j.p.SpringPersistenceUnitInfo      : No LoadTimeWeaver setup: ignoring JPA class transformer
2026-02-24T12:24:33.943-03:00  INFO 18820 --- [msclientes] [restartedMain] com.zaxxer.hikari.HikariDataSource       : HikariPool-1 - Starting...
2026-02-24T12:24:34.069-03:00  INFO 18820 --- [msclientes] [restartedMain] com.zaxxer.hikari.pool.HikariPool        : HikariPool-1 - Added connection conn0: url=jdbc:h2:mem:dbinmemory user=SA
2026-02-24T12:24:34.071-03:00  INFO 18820 --- [msclientes] [restartedMain] com.zaxxer.hikari.HikariDataSource       : HikariPool-1 - Start completed.
2026-02-24T12:24:34.112-03:00  INFO 18820 --- [msclientes] [restartedMain] org.hibernate.orm.connections.pooling    : HHH10001005: Database info:
	Database JDBC URL [jdbc:h2:mem:dbinmemory]
	Database driver: H2 JDBC Driver
	Database dialect: H2Dialect
	Database version: 2.4.240
	Default catalog/schema: DBINMEMORY/PUBLIC
	Autocommit mode: undefined/unknown
	Isolation level: READ_COMMITTED [default READ_COMMITTED]
	JDBC fetch size: 100
	Pool: DataSourceConnectionProvider
	Minimum pool size: undefined/unknown
	Maximum pool size: undefined/unknown
2026-02-24T12:24:34.700-03:00  INFO 18820 --- [msclientes] [restartedMain] org.hibernate.orm.core                   : HHH000489: No JTA platform available (set 'hibernate.transaction.jta.platform' to enable JTA platform integration)
2026-02-24T12:24:34.743-03:00  INFO 18820 --- [msclientes] [restartedMain] j.LocalContainerEntityManagerFactoryBean : Initialized JPA EntityManagerFactory for persistence unit 'default'
2026-02-24T12:24:34.809-03:00  INFO 18820 --- [msclientes] [restartedMain] o.s.d.j.r.query.QueryEnhancerFactories   : Hibernate is in classpath; If applicable, HQL parser will be used.
2026-02-24T12:24:34.954-03:00  WARN 18820 --- [msclientes] [restartedMain] JpaBaseConfiguration$JpaWebConfiguration : spring.jpa.open-in-view is enabled by default. Therefore, database queries may be performed during view rendering. Explicitly configure spring.jpa.open-in-view to disable this warning
2026-02-24T12:24:35.333-03:00  INFO 18820 --- [msclientes] [restartedMain] DiscoveryClientOptionalArgsConfiguration : Eureka HTTP Client uses RestClient.
2026-02-24T12:24:35.365-03:00  WARN 18820 --- [msclientes] [restartedMain] iguration$LoadBalancerCaffeineWarnLogger : Spring Cloud LoadBalancer is currently working with the default cache. While this cache implementation is useful for development and tests, it's recommended to use Caffeine cache in production.You can switch to using Caffeine cache, by adding it and org.springframework.cache.caffeine.CaffeineCacheManager to the classpath.
2026-02-24T12:24:35.405-03:00  INFO 18820 --- [msclientes] [restartedMain] o.s.boot.tomcat.TomcatWebServer          : Tomcat started on port 63783 (http) with context path '/'
2026-02-24T12:24:35.406-03:00  INFO 18820 --- [msclientes] [restartedMain] .s.c.n.e.s.EurekaAutoServiceRegistration : Updating port to 63783
2026-02-24T12:24:35.410-03:00  INFO 18820 --- [msclientes] [restartedMain] o.s.c.n.eureka.InstanceInfoFactory       : Setting initial instance status as: STARTING
2026-02-24T12:24:35.430-03:00  INFO 18820 --- [msclientes] [restartedMain] com.netflix.discovery.DiscoveryClient    : Initializing Eureka in region us-east-1
2026-02-24T12:24:35.433-03:00  INFO 18820 --- [msclientes] [restartedMain] c.n.d.s.r.aws.ConfigClusterResolver      : Resolving eureka endpoints via configuration
2026-02-24T12:24:35.441-03:00  INFO 18820 --- [msclientes] [restartedMain] com.netflix.discovery.DiscoveryClient    : Disable delta property : false
2026-02-24T12:24:35.442-03:00  INFO 18820 --- [msclientes] [restartedMain] com.netflix.discovery.DiscoveryClient    : Single vip registry refresh property : null
2026-02-24T12:24:35.442-03:00  INFO 18820 --- [msclientes] [restartedMain] com.netflix.discovery.DiscoveryClient    : Force full registry fetch : false
2026-02-24T12:24:35.442-03:00  INFO 18820 --- [msclientes] [restartedMain] com.netflix.discovery.DiscoveryClient    : Application is null : false
2026-02-24T12:24:35.442-03:00  INFO 18820 --- [msclientes] [restartedMain] com.netflix.discovery.DiscoveryClient    : Registered Applications size is zero : true
2026-02-24T12:24:35.442-03:00  INFO 18820 --- [msclientes] [restartedMain] com.netflix.discovery.DiscoveryClient    : Application version is -1: true
2026-02-24T12:24:35.442-03:00  INFO 18820 --- [msclientes] [restartedMain] com.netflix.discovery.DiscoveryClient    : Getting all instance registry info from the eureka server
2026-02-24T12:24:35.783-03:00  INFO 18820 --- [msclientes] [restartedMain] com.netflix.discovery.DiscoveryClient    : The response status is 200
2026-02-24T12:24:35.785-03:00  INFO 18820 --- [msclientes] [restartedMain] com.netflix.discovery.DiscoveryClient    : Starting heartbeat executor: renew interval is: 30
2026-02-24T12:24:35.786-03:00  INFO 18820 --- [msclientes] [restartedMain] c.n.discovery.InstanceInfoReplicator     : InstanceInfoReplicator onDemand update allowed rate per min is 4
2026-02-24T12:24:35.787-03:00  INFO 18820 --- [msclientes] [restartedMain] com.netflix.discovery.DiscoveryClient    : Discovery Client initialized at timestamp 1771946675787 with initial instances count: 3
2026-02-24T12:24:35.790-03:00  INFO 18820 --- [msclientes] [restartedMain] o.s.c.n.e.s.EurekaServiceRegistry        : Registering application MSCLIENTES with eureka with status UP
2026-02-24T12:24:35.790-03:00  INFO 18820 --- [msclientes] [restartedMain] com.netflix.discovery.DiscoveryClient    : Saw local status change event StatusChangeEvent [timestamp=1771946675790, current=UP, previous=STARTING]
2026-02-24T12:24:35.791-03:00  INFO 18820 --- [msclientes] [DiscoveryClient-InstanceInfoReplicator-%d] com.netflix.discovery.DiscoveryClient    : DiscoveryClient_MSCLIENTES/msclientes:9b9961dfe905beb7ff796531dc57f5f2: registering service...
2026-02-24T12:24:35.800-03:00  INFO 18820 --- [msclientes] [restartedMain] c.g.d.msclientes.MsclientesApplication   : Started MsclientesApplication in 4.79 seconds (process running for 5.516)
2026-02-24T12:24:35.890-03:00  INFO 18820 --- [msclientes] [DiscoveryClient-InstanceInfoReplicator-%d] com.netflix.discovery.DiscoveryClient    : DiscoveryClient_MSCLIENTES/msclientes:9b9961dfe905beb7ff796531dc57f5f2 - registration status: 204
2026-02-24T12:24:45.101-03:00  INFO 18820 --- [msclientes] [http-nio-auto-1-exec-1] o.a.c.c.C.[Tomcat].[localhost].[/]       : Initializing Spring DispatcherServlet 'dispatcherServlet'
2026-02-24T12:24:45.101-03:00  INFO 18820 --- [msclientes] [http-nio-auto-1-exec-1] o.s.web.servlet.DispatcherServlet        : Initializing Servlet 'dispatcherServlet'
2026-02-24T12:24:45.103-03:00  INFO 18820 --- [msclientes] [http-nio-auto-1-exec-1] o.s.web.servlet.DispatcherServlet        : Completed initialization in 2 ms
2026-02-24T12:27:03.949-03:00  INFO 18820 --- [msclientes] [File Watcher] rtingClassPathChangeChangedEventListener : Restarting due to 10 class path changes (0 additions, 7 deletions, 3 modifications)
2026-02-24T12:27:03.950-03:00  INFO 18820 --- [msclientes] [Thread-1] o.s.c.n.e.s.EurekaServiceRegistry        : Unregistering application MSCLIENTES with eureka with status DOWN
2026-02-24T12:27:03.950-03:00  INFO 18820 --- [msclientes] [Thread-1] com.netflix.discovery.DiscoveryClient    : Saw local status change event StatusChangeEvent [timestamp=1771946823950, current=DOWN, previous=UP]
2026-02-24T12:27:03.951-03:00  INFO 18820 --- [msclientes] [DiscoveryClient-InstanceInfoReplicator-%d] com.netflix.discovery.DiscoveryClient    : DiscoveryClient_MSCLIENTES/msclientes:9b9961dfe905beb7ff796531dc57f5f2: registering service...
2026-02-24T12:27:03.952-03:00  INFO 18820 --- [msclientes] [Thread-1] o.s.boot.tomcat.GracefulShutdown         : Commencing graceful shutdown. Waiting for active requests to complete
2026-02-24T12:27:03.956-03:00  INFO 18820 --- [msclientes] [tomcat-shutdown] o.s.boot.tomcat.GracefulShutdown         : Graceful shutdown complete
2026-02-24T12:27:03.958-03:00  INFO 18820 --- [msclientes] [Thread-1] j.LocalContainerEntityManagerFactoryBean : Closing JPA EntityManagerFactory for persistence unit 'default'
2026-02-24T12:27:03.962-03:00  WARN 18820 --- [msclientes] [Thread-1] o.s.b.f.support.DisposableBeanAdapter    : Invocation of destroy method failed on bean with name 'inMemoryDatabaseShutdownExecutor': org.h2.jdbc.JdbcSQLNonTransientConnectionException: Database is already closed (to disable automatic closing at VM shutdown, add ";DB_CLOSE_ON_EXIT=FALSE" to the db URL) [90121-240]
2026-02-24T12:27:03.962-03:00  INFO 18820 --- [msclientes] [Thread-1] com.zaxxer.hikari.HikariDataSource       : HikariPool-1 - Shutdown initiated...
2026-02-24T12:27:03.963-03:00  INFO 18820 --- [msclientes] [Thread-1] com.zaxxer.hikari.HikariDataSource       : HikariPool-1 - Shutdown completed.
2026-02-24T12:27:03.963-03:00  INFO 18820 --- [msclientes] [Thread-1] com.netflix.discovery.DiscoveryClient    : Shutting down DiscoveryClient ...
2026-02-24T12:27:04.019-03:00  INFO 18820 --- [msclientes] [DiscoveryClient-InstanceInfoReplicator-%d] com.netflix.discovery.DiscoveryClient    : DiscoveryClient_MSCLIENTES/msclientes:9b9961dfe905beb7ff796531dc57f5f2 - registration status: 204
2026-02-24T12:27:04.020-03:00  INFO 18820 --- [msclientes] [Thread-1] com.netflix.discovery.DiscoveryClient    : Unregistering ...
2026-02-24T12:27:04.078-03:00  INFO 18820 --- [msclientes] [Thread-1] com.netflix.discovery.DiscoveryClient    : DiscoveryClient_MSCLIENTES/msclientes:9b9961dfe905beb7ff796531dc57f5f2 - deregister  status: 200
2026-02-24T12:27:04.078-03:00  INFO 18820 --- [msclientes] [Thread-1] com.netflix.discovery.DiscoveryClient    : Completed shut down of DiscoveryClient
2026-02-24T12:27:04.177-03:00  INFO 18820 --- [msclientes] [restartedMain] c.g.d.msclientes.MsclientesApplication   : Starting MsclientesApplication using Java 21.0.7 with PID 18820 (C:\Users\joanb\OneDrive\Área de Trabalho\Projetos\microservicos\msclientes\target\classes started by joanb in C:\Users\joanb\OneDrive\Área de Trabalho\Projetos\microservicos\msclientes)
2026-02-24T12:27:04.178-03:00  INFO 18820 --- [msclientes] [restartedMain] c.g.d.msclientes.MsclientesApplication   : The following 1 profile is active: "dev"
2026-02-24T12:27:04.341-03:00  INFO 18820 --- [msclientes] [restartedMain] .s.d.r.c.RepositoryConfigurationDelegate : Bootstrapping Spring Data JPA repositories in DEFAULT mode.
2026-02-24T12:27:04.343-03:00  INFO 18820 --- [msclientes] [restartedMain] .s.d.r.c.RepositoryConfigurationDelegate : Finished Spring Data repository scanning in 0 ms. Found 0 JPA repository interfaces.
2026-02-24T12:27:04.413-03:00  INFO 18820 --- [msclientes] [restartedMain] o.s.cloud.context.scope.GenericScope     : BeanFactory id=df4785b5-3865-3fd0-b0da-2c9f0d549e9a
2026-02-24T12:27:04.476-03:00  INFO 18820 --- [msclientes] [restartedMain] o.s.boot.tomcat.TomcatWebServer          : Tomcat initialized with port 0 (http)
2026-02-24T12:27:04.478-03:00  INFO 18820 --- [msclientes] [restartedMain] o.apache.catalina.core.StandardService   : Starting service [Tomcat]
2026-02-24T12:27:04.478-03:00  INFO 18820 --- [msclientes] [restartedMain] o.apache.catalina.core.StandardEngine    : Starting Servlet engine: [Apache Tomcat/11.0.15]
2026-02-24T12:27:04.530-03:00  INFO 18820 --- [msclientes] [restartedMain] b.w.c.s.WebApplicationContextInitializer : Root WebApplicationContext: initialization completed in 350 ms
2026-02-24T12:27:04.560-03:00  INFO 18820 --- [msclientes] [restartedMain] org.hibernate.orm.jpa                    : HHH008540: Processing PersistenceUnitInfo [name: default]
2026-02-24T12:27:04.591-03:00  INFO 18820 --- [msclientes] [restartedMain] o.s.o.j.p.SpringPersistenceUnitInfo      : No LoadTimeWeaver setup: ignoring JPA class transformer
2026-02-24T12:27:04.592-03:00  INFO 18820 --- [msclientes] [restartedMain] com.zaxxer.hikari.HikariDataSource       : HikariPool-2 - Starting...
2026-02-24T12:27:04.594-03:00  INFO 18820 --- [msclientes] [restartedMain] com.zaxxer.hikari.pool.HikariPool        : HikariPool-2 - Added connection conn10: url=jdbc:h2:mem:dbinmemory user=SA
2026-02-24T12:27:04.594-03:00  INFO 18820 --- [msclientes] [restartedMain] com.zaxxer.hikari.HikariDataSource       : HikariPool-2 - Start completed.
2026-02-24T12:27:04.595-03:00  INFO 18820 --- [msclientes] [restartedMain] org.hibernate.orm.connections.pooling    : HHH10001005: Database info:
	Database JDBC URL [jdbc:h2:mem:dbinmemory]
	Database driver: H2 JDBC Driver
	Database dialect: H2Dialect
	Database version: 2.4.240
	Default catalog/schema: DBINMEMORY/PUBLIC
	Autocommit mode: undefined/unknown
	Isolation level: READ_COMMITTED [default READ_COMMITTED]
	JDBC fetch size: 100
	Pool: DataSourceConnectionProvider
	Minimum pool size: undefined/unknown
	Maximum pool size: undefined/unknown
2026-02-24T12:27:04.609-03:00  INFO 18820 --- [msclientes] [restartedMain] org.hibernate.orm.core                   : HHH000489: No JTA platform available (set 'hibernate.transaction.jta.platform' to enable JTA platform integration)
2026-02-24T12:27:04.610-03:00  INFO 18820 --- [msclientes] [restartedMain] j.LocalContainerEntityManagerFactoryBean : Initialized JPA EntityManagerFactory for persistence unit 'default'
2026-02-24T12:27:04.638-03:00  WARN 18820 --- [msclientes] [restartedMain] JpaBaseConfiguration$JpaWebConfiguration : spring.jpa.open-in-view is enabled by default. Therefore, database queries may be performed during view rendering. Explicitly configure spring.jpa.open-in-view to disable this warning
2026-02-24T12:27:04.757-03:00  INFO 18820 --- [msclientes] [restartedMain] DiscoveryClientOptionalArgsConfiguration : Eureka HTTP Client uses RestClient.
2026-02-24T12:27:04.768-03:00  WARN 18820 --- [msclientes] [restartedMain] iguration$LoadBalancerCaffeineWarnLogger : Spring Cloud LoadBalancer is currently working with the default cache. While this cache implementation is useful for development and tests, it's recommended to use Caffeine cache in production.You can switch to using Caffeine cache, by adding it and org.springframework.cache.caffeine.CaffeineCacheManager to the classpath.
2026-02-24T12:27:04.779-03:00  INFO 18820 --- [msclientes] [restartedMain] o.s.boot.tomcat.TomcatWebServer          : Tomcat started on port 54346 (http) with context path '/'
2026-02-24T12:27:04.780-03:00  INFO 18820 --- [msclientes] [restartedMain] .s.c.n.e.s.EurekaAutoServiceRegistration : Updating port to 54346
2026-02-24T12:27:04.781-03:00  INFO 18820 --- [msclientes] [restartedMain] o.s.c.n.eureka.InstanceInfoFactory       : Setting initial instance status as: STARTING
2026-02-24T12:27:04.782-03:00  INFO 18820 --- [msclientes] [restartedMain] com.netflix.discovery.DiscoveryClient    : Initializing Eureka in region us-east-1
2026-02-24T12:27:04.783-03:00  INFO 18820 --- [msclientes] [restartedMain] c.n.d.s.r.aws.ConfigClusterResolver      : Resolving eureka endpoints via configuration
2026-02-24T12:27:04.783-03:00  INFO 18820 --- [msclientes] [restartedMain] com.netflix.discovery.DiscoveryClient    : Disable delta property : false
2026-02-24T12:27:04.783-03:00  INFO 18820 --- [msclientes] [restartedMain] com.netflix.discovery.DiscoveryClient    : Single vip registry refresh property : null
2026-02-24T12:27:04.783-03:00  INFO 18820 --- [msclientes] [restartedMain] com.netflix.discovery.DiscoveryClient    : Force full registry fetch : false
2026-02-24T12:27:04.783-03:00  INFO 18820 --- [msclientes] [restartedMain] com.netflix.discovery.DiscoveryClient    : Application is null : false
2026-02-24T12:27:04.783-03:00  INFO 18820 --- [msclientes] [restartedMain] com.netflix.discovery.DiscoveryClient    : Registered Applications size is zero : true
2026-02-24T12:27:04.783-03:00  INFO 18820 --- [msclientes] [restartedMain] com.netflix.discovery.DiscoveryClient    : Application version is -1: true
2026-02-24T12:27:04.783-03:00  INFO 18820 --- [msclientes] [restartedMain] com.netflix.discovery.DiscoveryClient    : Getting all instance registry info from the eureka server
2026-02-24T12:27:04.854-03:00  INFO 18820 --- [msclientes] [restartedMain] com.netflix.discovery.DiscoveryClient    : The response status is 200
2026-02-24T12:27:04.855-03:00  INFO 18820 --- [msclientes] [restartedMain] com.netflix.discovery.DiscoveryClient    : Starting heartbeat executor: renew interval is: 30
2026-02-24T12:27:04.858-03:00  INFO 18820 --- [msclientes] [restartedMain] c.n.discovery.InstanceInfoReplicator     : InstanceInfoReplicator onDemand update allowed rate per min is 4
2026-02-24T12:27:04.859-03:00  INFO 18820 --- [msclientes] [restartedMain] com.netflix.discovery.DiscoveryClient    : Discovery Client initialized at timestamp 1771946824859 with initial instances count: 4
2026-02-24T12:27:04.861-03:00  INFO 18820 --- [msclientes] [restartedMain] o.s.c.n.e.s.EurekaServiceRegistry        : Registering application MSCLIENTES with eureka with status UP
2026-02-24T12:27:04.861-03:00  INFO 18820 --- [msclientes] [restartedMain] com.netflix.discovery.DiscoveryClient    : Saw local status change event StatusChangeEvent [timestamp=1771946824861, current=UP, previous=STARTING]
2026-02-24T12:27:04.861-03:00  INFO 18820 --- [msclientes] [DiscoveryClient-InstanceInfoReplicator-%d] com.netflix.discovery.DiscoveryClient    : DiscoveryClient_MSCLIENTES/msclientes:6f2e5f04ac7e6b46f69b1e0a986ab024: registering service...
2026-02-24T12:27:04.867-03:00  INFO 18820 --- [msclientes] [restartedMain] c.g.d.msclientes.MsclientesApplication   : Started MsclientesApplication in 0.728 seconds (process running for 154.582)
2026-02-24T12:27:04.870-03:00  INFO 18820 --- [msclientes] [restartedMain] .ConditionEvaluationDeltaLoggingListener : Condition evaluation unchanged
2026-02-24T12:27:04.930-03:00  INFO 18820 --- [msclientes] [DiscoveryClient-InstanceInfoReplicator-%d] com.netflix.discovery.DiscoveryClient    : DiscoveryClient_MSCLIENTES/msclientes:6f2e5f04ac7e6b46f69b1e0a986ab024 - registration status: 204
2026-02-24T12:27:06.152-03:00  INFO 18820 --- [msclientes] [File Watcher] rtingClassPathChangeChangedEventListener : Restarting due to 7 class path changes (7 additions, 0 deletions, 0 modifications)
2026-02-24T12:27:06.152-03:00  INFO 18820 --- [msclientes] [Thread-7] o.s.c.n.e.s.EurekaServiceRegistry        : Unregistering application MSCLIENTES with eureka with status DOWN
2026-02-24T12:27:06.153-03:00  INFO 18820 --- [msclientes] [Thread-7] com.netflix.discovery.DiscoveryClient    : Saw local status change event StatusChangeEvent [timestamp=1771946826153, current=DOWN, previous=UP]
2026-02-24T12:27:06.153-03:00  INFO 18820 --- [msclientes] [DiscoveryClient-InstanceInfoReplicator-%d] com.netflix.discovery.DiscoveryClient    : DiscoveryClient_MSCLIENTES/msclientes:6f2e5f04ac7e6b46f69b1e0a986ab024: registering service...
2026-02-24T12:27:06.153-03:00  INFO 18820 --- [msclientes] [Thread-7] o.s.boot.tomcat.GracefulShutdown         : Commencing graceful shutdown. Waiting for active requests to complete
2026-02-24T12:27:06.156-03:00  INFO 18820 --- [msclientes] [tomcat-shutdown] o.s.boot.tomcat.GracefulShutdown         : Graceful shutdown complete
2026-02-24T12:27:06.158-03:00  INFO 18820 --- [msclientes] [Thread-7] j.LocalContainerEntityManagerFactoryBean : Closing JPA EntityManagerFactory for persistence unit 'default'
2026-02-24T12:27:06.159-03:00  WARN 18820 --- [msclientes] [Thread-7] o.s.b.f.support.DisposableBeanAdapter    : Invocation of destroy method failed on bean with name 'inMemoryDatabaseShutdownExecutor': org.h2.jdbc.JdbcSQLNonTransientConnectionException: Database is already closed (to disable automatic closing at VM shutdown, add ";DB_CLOSE_ON_EXIT=FALSE" to the db URL) [90121-240]
2026-02-24T12:27:06.159-03:00  INFO 18820 --- [msclientes] [Thread-7] com.zaxxer.hikari.HikariDataSource       : HikariPool-2 - Shutdown initiated...
2026-02-24T12:27:06.159-03:00  INFO 18820 --- [msclientes] [Thread-7] com.zaxxer.hikari.HikariDataSource       : HikariPool-2 - Shutdown completed.
2026-02-24T12:27:06.160-03:00  INFO 18820 --- [msclientes] [Thread-7] com.netflix.discovery.DiscoveryClient    : Shutting down DiscoveryClient ...
2026-02-24T12:27:06.210-03:00  INFO 18820 --- [msclientes] [DiscoveryClient-InstanceInfoReplicator-%d] com.netflix.discovery.DiscoveryClient    : DiscoveryClient_MSCLIENTES/msclientes:6f2e5f04ac7e6b46f69b1e0a986ab024 - registration status: 204
2026-02-24T12:27:06.210-03:00  INFO 18820 --- [msclientes] [Thread-7] com.netflix.discovery.DiscoveryClient    : Unregistering ...
2026-02-24T12:27:06.266-03:00  INFO 18820 --- [msclientes] [Thread-7] com.netflix.discovery.DiscoveryClient    : DiscoveryClient_MSCLIENTES/msclientes:6f2e5f04ac7e6b46f69b1e0a986ab024 - deregister  status: 200
2026-02-24T12:27:06.267-03:00  INFO 18820 --- [msclientes] [Thread-7] com.netflix.discovery.DiscoveryClient    : Completed shut down of DiscoveryClient
2026-02-24T12:27:06.355-03:00  INFO 18820 --- [msclientes] [restartedMain] c.g.d.msclientes.MsclientesApplication   : Starting MsclientesApplication using Java 21.0.7 with PID 18820 (C:\Users\joanb\OneDrive\Área de Trabalho\Projetos\microservicos\msclientes\target\classes started by joanb in C:\Users\joanb\OneDrive\Área de Trabalho\Projetos\microservicos\msclientes)
2026-02-24T12:27:06.355-03:00  INFO 18820 --- [msclientes] [restartedMain] c.g.d.msclientes.MsclientesApplication   : The following 1 profile is active: "dev"
2026-02-24T12:27:06.516-03:00  INFO 18820 --- [msclientes] [restartedMain] .s.d.r.c.RepositoryConfigurationDelegate : Bootstrapping Spring Data JPA repositories in DEFAULT mode.
2026-02-24T12:27:06.528-03:00  INFO 18820 --- [msclientes] [restartedMain] .s.d.r.c.RepositoryConfigurationDelegate : Finished Spring Data repository scanning in 10 ms. Found 1 JPA repository interface.
2026-02-24T12:27:06.609-03:00  INFO 18820 --- [msclientes] [restartedMain] o.s.cloud.context.scope.GenericScope     : BeanFactory id=98c0abdc-4faa-320a-aa18-c7685c44e77f
2026-02-24T12:27:06.711-03:00  INFO 18820 --- [msclientes] [restartedMain] o.s.boot.tomcat.TomcatWebServer          : Tomcat initialized with port 0 (http)
2026-02-24T12:27:06.712-03:00  INFO 18820 --- [msclientes] [restartedMain] o.apache.catalina.core.StandardService   : Starting service [Tomcat]
2026-02-24T12:27:06.712-03:00  INFO 18820 --- [msclientes] [restartedMain] o.apache.catalina.core.StandardEngine    : Starting Servlet engine: [Apache Tomcat/11.0.15]
2026-02-24T12:27:06.754-03:00  INFO 18820 --- [msclientes] [restartedMain] b.w.c.s.WebApplicationContextInitializer : Root WebApplicationContext: initialization completed in 396 ms
2026-02-24T12:27:06.779-03:00  INFO 18820 --- [msclientes] [restartedMain] org.hibernate.orm.jpa                    : HHH008540: Processing PersistenceUnitInfo [name: default]
2026-02-24T12:27:06.816-03:00  INFO 18820 --- [msclientes] [restartedMain] o.s.o.j.p.SpringPersistenceUnitInfo      : No LoadTimeWeaver setup: ignoring JPA class transformer
2026-02-24T12:27:06.817-03:00  INFO 18820 --- [msclientes] [restartedMain] com.zaxxer.hikari.HikariDataSource       : HikariPool-3 - Starting...
2026-02-24T12:27:06.819-03:00  INFO 18820 --- [msclientes] [restartedMain] com.zaxxer.hikari.pool.HikariPool        : HikariPool-3 - Added connection conn20: url=jdbc:h2:mem:dbinmemory user=SA
2026-02-24T12:27:06.819-03:00  INFO 18820 --- [msclientes] [restartedMain] com.zaxxer.hikari.HikariDataSource       : HikariPool-3 - Start completed.
2026-02-24T12:27:06.820-03:00  INFO 18820 --- [msclientes] [restartedMain] org.hibernate.orm.connections.pooling    : HHH10001005: Database info:
	Database JDBC URL [jdbc:h2:mem:dbinmemory]
	Database driver: H2 JDBC Driver
	Database dialect: H2Dialect
	Database version: 2.4.240
	Default catalog/schema: DBINMEMORY/PUBLIC
	Autocommit mode: undefined/unknown
	Isolation level: READ_COMMITTED [default READ_COMMITTED]
	JDBC fetch size: 100
	Pool: DataSourceConnectionProvider
	Minimum pool size: undefined/unknown
	Maximum pool size: undefined/unknown
2026-02-24T12:27:06.853-03:00  INFO 18820 --- [msclientes] [restartedMain] org.hibernate.orm.core                   : HHH000489: No JTA platform available (set 'hibernate.transaction.jta.platform' to enable JTA platform integration)
2026-02-24T12:27:06.856-03:00  INFO 18820 --- [msclientes] [restartedMain] j.LocalContainerEntityManagerFactoryBean : Initialized JPA EntityManagerFactory for persistence unit 'default'
2026-02-24T12:27:06.899-03:00  WARN 18820 --- [msclientes] [restartedMain] JpaBaseConfiguration$JpaWebConfiguration : spring.jpa.open-in-view is enabled by default. Therefore, database queries may be performed during view rendering. Explicitly configure spring.jpa.open-in-view to disable this warning
2026-02-24T12:27:06.991-03:00  INFO 18820 --- [msclientes] [restartedMain] DiscoveryClientOptionalArgsConfiguration : Eureka HTTP Client uses RestClient.
2026-02-24T12:27:06.997-03:00  WARN 18820 --- [msclientes] [restartedMain] iguration$LoadBalancerCaffeineWarnLogger : Spring Cloud LoadBalancer is currently working with the default cache. While this cache implementation is useful for development and tests, it's recommended to use Caffeine cache in production.You can switch to using Caffeine cache, by adding it and org.springframework.cache.caffeine.CaffeineCacheManager to the classpath.
2026-02-24T12:27:07.004-03:00  INFO 18820 --- [msclientes] [restartedMain] o.s.boot.tomcat.TomcatWebServer          : Tomcat started on port 54350 (http) with context path '/'
2026-02-24T12:27:07.005-03:00  INFO 18820 --- [msclientes] [restartedMain] .s.c.n.e.s.EurekaAutoServiceRegistration : Updating port to 54350
2026-02-24T12:27:07.005-03:00  INFO 18820 --- [msclientes] [restartedMain] o.s.c.n.eureka.InstanceInfoFactory       : Setting initial instance status as: STARTING
2026-02-24T12:27:07.007-03:00  INFO 18820 --- [msclientes] [restartedMain] com.netflix.discovery.DiscoveryClient    : Initializing Eureka in region us-east-1
2026-02-24T12:27:07.007-03:00  INFO 18820 --- [msclientes] [restartedMain] c.n.d.s.r.aws.ConfigClusterResolver      : Resolving eureka endpoints via configuration
2026-02-24T12:27:07.007-03:00  INFO 18820 --- [msclientes] [restartedMain] com.netflix.discovery.DiscoveryClient    : Disable delta property : false
2026-02-24T12:27:07.007-03:00  INFO 18820 --- [msclientes] [restartedMain] com.netflix.discovery.DiscoveryClient    : Single vip registry refresh property : null
2026-02-24T12:27:07.007-03:00  INFO 18820 --- [msclientes] [restartedMain] com.netflix.discovery.DiscoveryClient    : Force full registry fetch : false
2026-02-24T12:27:07.007-03:00  INFO 18820 --- [msclientes] [restartedMain] com.netflix.discovery.DiscoveryClient    : Application is null : false
2026-02-24T12:27:07.007-03:00  INFO 18820 --- [msclientes] [restartedMain] com.netflix.discovery.DiscoveryClient    : Registered Applications size is zero : true
2026-02-24T12:27:07.007-03:00  INFO 18820 --- [msclientes] [restartedMain] com.netflix.discovery.DiscoveryClient    : Application version is -1: true
2026-02-24T12:27:07.007-03:00  INFO 18820 --- [msclientes] [restartedMain] com.netflix.discovery.DiscoveryClient    : Getting all instance registry info from the eureka server
2026-02-24T12:27:07.074-03:00  INFO 18820 --- [msclientes] [restartedMain] com.netflix.discovery.DiscoveryClient    : The response status is 200
2026-02-24T12:27:07.074-03:00  INFO 18820 --- [msclientes] [restartedMain] com.netflix.discovery.DiscoveryClient    : Starting heartbeat executor: renew interval is: 30
2026-02-24T12:27:07.075-03:00  INFO 18820 --- [msclientes] [restartedMain] c.n.discovery.InstanceInfoReplicator     : InstanceInfoReplicator onDemand update allowed rate per min is 4
2026-02-24T12:27:07.075-03:00  INFO 18820 --- [msclientes] [restartedMain] com.netflix.discovery.DiscoveryClient    : Discovery Client initialized at timestamp 1771946827075 with initial instances count: 4
2026-02-24T12:27:07.075-03:00  INFO 18820 --- [msclientes] [restartedMain] o.s.c.n.e.s.EurekaServiceRegistry        : Registering application MSCLIENTES with eureka with status UP
2026-02-24T12:27:07.076-03:00  INFO 18820 --- [msclientes] [restartedMain] com.netflix.discovery.DiscoveryClient    : Saw local status change event StatusChangeEvent [timestamp=1771946827076, current=UP, previous=STARTING]
2026-02-24T12:27:07.076-03:00  INFO 18820 --- [msclientes] [DiscoveryClient-InstanceInfoReplicator-%d] com.netflix.discovery.DiscoveryClient    : DiscoveryClient_MSCLIENTES/msclientes:d487257ca7872c3b2e24a9777d3bcdaa: registering service...
2026-02-24T12:27:07.080-03:00  INFO 18820 --- [msclientes] [restartedMain] c.g.d.msclientes.MsclientesApplication   : Started MsclientesApplication in 0.759 seconds (process running for 156.795)
2026-02-24T12:27:07.081-03:00  INFO 18820 --- [msclientes] [restartedMain] .ConditionEvaluationDeltaLoggingListener : Condition evaluation unchanged
2026-02-24T12:27:07.138-03:00  INFO 18820 --- [msclientes] [DiscoveryClient-InstanceInfoReplicator-%d] com.netflix.discovery.DiscoveryClient    : DiscoveryClient_MSCLIENTES/msclientes:d487257ca7872c3b2e24a9777d3bcdaa - registration status: 204
2026-02-24T12:27:14.481-03:00  INFO 18820 --- [msclientes] [File Watcher] rtingClassPathChangeChangedEventListener : Restarting due to 10 class path changes (0 additions, 7 deletions, 3 modifications)
2026-02-24T12:27:14.481-03:00  INFO 18820 --- [msclientes] [Thread-14] o.s.c.n.e.s.EurekaServiceRegistry        : Unregistering application MSCLIENTES with eureka with status DOWN
2026-02-24T12:27:14.481-03:00  INFO 18820 --- [msclientes] [Thread-14] com.netflix.discovery.DiscoveryClient    : Saw local status change event StatusChangeEvent [timestamp=1771946834481, current=DOWN, previous=UP]
2026-02-24T12:27:14.481-03:00  INFO 18820 --- [msclientes] [DiscoveryClient-InstanceInfoReplicator-%d] com.netflix.discovery.DiscoveryClient    : DiscoveryClient_MSCLIENTES/msclientes:d487257ca7872c3b2e24a9777d3bcdaa: registering service...
2026-02-24T12:27:14.482-03:00  INFO 18820 --- [msclientes] [Thread-14] o.s.boot.tomcat.GracefulShutdown         : Commencing graceful shutdown. Waiting for active requests to complete
2026-02-24T12:27:14.485-03:00  INFO 18820 --- [msclientes] [tomcat-shutdown] o.s.boot.tomcat.GracefulShutdown         : Graceful shutdown complete
2026-02-24T12:27:14.486-03:00  INFO 18820 --- [msclientes] [Thread-14] j.LocalContainerEntityManagerFactoryBean : Closing JPA EntityManagerFactory for persistence unit 'default'
2026-02-24T12:27:14.486-03:00  WARN 18820 --- [msclientes] [Thread-14] o.s.b.f.support.DisposableBeanAdapter    : Invocation of destroy method failed on bean with name 'inMemoryDatabaseShutdownExecutor': org.h2.jdbc.JdbcSQLNonTransientConnectionException: Database is already closed (to disable automatic closing at VM shutdown, add ";DB_CLOSE_ON_EXIT=FALSE" to the db URL) [90121-240]
2026-02-24T12:27:14.486-03:00  INFO 18820 --- [msclientes] [Thread-14] com.zaxxer.hikari.HikariDataSource       : HikariPool-3 - Shutdown initiated...
2026-02-24T12:27:14.486-03:00  INFO 18820 --- [msclientes] [Thread-14] com.zaxxer.hikari.HikariDataSource       : HikariPool-3 - Shutdown completed.
2026-02-24T12:27:14.487-03:00  INFO 18820 --- [msclientes] [Thread-14] com.netflix.discovery.DiscoveryClient    : Shutting down DiscoveryClient ...
2026-02-24T12:27:14.553-03:00  INFO 18820 --- [msclientes] [DiscoveryClient-InstanceInfoReplicator-%d] com.netflix.discovery.DiscoveryClient    : DiscoveryClient_MSCLIENTES/msclientes:d487257ca7872c3b2e24a9777d3bcdaa - registration status: 204
2026-02-24T12:27:14.554-03:00  INFO 18820 --- [msclientes] [Thread-14] com.netflix.discovery.DiscoveryClient    : Unregistering ...
2026-02-24T12:27:14.612-03:00  INFO 18820 --- [msclientes] [Thread-14] com.netflix.discovery.DiscoveryClient    : DiscoveryClient_MSCLIENTES/msclientes:d487257ca7872c3b2e24a9777d3bcdaa - deregister  status: 200
2026-02-24T12:27:14.613-03:00  INFO 18820 --- [msclientes] [Thread-14] com.netflix.discovery.DiscoveryClient    : Completed shut down of DiscoveryClient
2026-02-24T12:27:14.702-03:00  INFO 18820 --- [msclientes] [restartedMain] c.g.d.msclientes.MsclientesApplication   : Starting MsclientesApplication using Java 21.0.7 with PID 18820 (C:\Users\joanb\OneDrive\Área de Trabalho\Projetos\microservicos\msclientes\target\classes started by joanb in C:\Users\joanb\OneDrive\Área de Trabalho\Projetos\microservicos\msclientes)
2026-02-24T12:27:14.702-03:00  INFO 18820 --- [msclientes] [restartedMain] c.g.d.msclientes.MsclientesApplication   : The following 1 profile is active: "dev"
2026-02-24T12:27:14.829-03:00  INFO 18820 --- [msclientes] [restartedMain] .s.d.r.c.RepositoryConfigurationDelegate : Bootstrapping Spring Data JPA repositories in DEFAULT mode.
2026-02-24T12:27:14.840-03:00  INFO 18820 --- [msclientes] [restartedMain] .s.d.r.c.RepositoryConfigurationDelegate : Finished Spring Data repository scanning in 9 ms. Found 1 JPA repository interface.
2026-02-24T12:27:14.876-03:00  INFO 18820 --- [msclientes] [restartedMain] o.s.cloud.context.scope.GenericScope     : BeanFactory id=98c0abdc-4faa-320a-aa18-c7685c44e77f
2026-02-24T12:27:14.912-03:00  INFO 18820 --- [msclientes] [restartedMain] o.s.boot.tomcat.TomcatWebServer          : Tomcat initialized with port 0 (http)
2026-02-24T12:27:14.913-03:00  INFO 18820 --- [msclientes] [restartedMain] o.apache.catalina.core.StandardService   : Starting service [Tomcat]
2026-02-24T12:27:14.913-03:00  INFO 18820 --- [msclientes] [restartedMain] o.apache.catalina.core.StandardEngine    : Starting Servlet engine: [Apache Tomcat/11.0.15]
2026-02-24T12:27:14.947-03:00  INFO 18820 --- [msclientes] [restartedMain] b.w.c.s.WebApplicationContextInitializer : Root WebApplicationContext: initialization completed in 243 ms
2026-02-24T12:27:14.966-03:00  INFO 18820 --- [msclientes] [restartedMain] org.hibernate.orm.jpa                    : HHH008540: Processing PersistenceUnitInfo [name: default]
2026-02-24T12:27:14.992-03:00  INFO 18820 --- [msclientes] [restartedMain] o.s.o.j.p.SpringPersistenceUnitInfo      : No LoadTimeWeaver setup: ignoring JPA class transformer
2026-02-24T12:27:14.993-03:00  INFO 18820 --- [msclientes] [restartedMain] com.zaxxer.hikari.HikariDataSource       : HikariPool-4 - Starting...
2026-02-24T12:27:14.995-03:00  INFO 18820 --- [msclientes] [restartedMain] com.zaxxer.hikari.pool.HikariPool        : HikariPool-4 - Added connection conn30: url=jdbc:h2:mem:dbinmemory user=SA
2026-02-24T12:27:14.995-03:00  INFO 18820 --- [msclientes] [restartedMain] com.zaxxer.hikari.HikariDataSource       : HikariPool-4 - Start completed.
2026-02-24T12:27:14.995-03:00  INFO 18820 --- [msclientes] [restartedMain] org.hibernate.orm.connections.pooling    : HHH10001005: Database info:
	Database JDBC URL [jdbc:h2:mem:dbinmemory]
	Database driver: H2 JDBC Driver
	Database dialect: H2Dialect
	Database version: 2.4.240
	Default catalog/schema: DBINMEMORY/PUBLIC
	Autocommit mode: undefined/unknown
	Isolation level: READ_COMMITTED [default READ_COMMITTED]
	JDBC fetch size: 100
	Pool: DataSourceConnectionProvider
	Minimum pool size: undefined/unknown
	Maximum pool size: undefined/unknown
2026-02-24T12:27:15.024-03:00  INFO 18820 --- [msclientes] [restartedMain] org.hibernate.orm.core                   : HHH000489: No JTA platform available (set 'hibernate.transaction.jta.platform' to enable JTA platform integration)
2026-02-24T12:27:15.027-03:00  INFO 18820 --- [msclientes] [restartedMain] j.LocalContainerEntityManagerFactoryBean : Initialized JPA EntityManagerFactory for persistence unit 'default'
2026-02-24T12:27:15.059-03:00  WARN 18820 --- [msclientes] [restartedMain] JpaBaseConfiguration$JpaWebConfiguration : spring.jpa.open-in-view is enabled by default. Therefore, database queries may be performed during view rendering. Explicitly configure spring.jpa.open-in-view to disable this warning
2026-02-24T12:27:15.129-03:00  INFO 18820 --- [msclientes] [restartedMain] DiscoveryClientOptionalArgsConfiguration : Eureka HTTP Client uses RestClient.
2026-02-24T12:27:15.137-03:00  WARN 18820 --- [msclientes] [restartedMain] iguration$LoadBalancerCaffeineWarnLogger : Spring Cloud LoadBalancer is currently working with the default cache. While this cache implementation is useful for development and tests, it's recommended to use Caffeine cache in production.You can switch to using Caffeine cache, by adding it and org.springframework.cache.caffeine.CaffeineCacheManager to the classpath.
2026-02-24T12:27:15.143-03:00  INFO 18820 --- [msclientes] [restartedMain] o.s.boot.tomcat.TomcatWebServer          : Tomcat started on port 54367 (http) with context path '/'
2026-02-24T12:27:15.143-03:00  INFO 18820 --- [msclientes] [restartedMain] .s.c.n.e.s.EurekaAutoServiceRegistration : Updating port to 54367
2026-02-24T12:27:15.144-03:00  INFO 18820 --- [msclientes] [restartedMain] o.s.c.n.eureka.InstanceInfoFactory       : Setting initial instance status as: STARTING
2026-02-24T12:27:15.145-03:00  INFO 18820 --- [msclientes] [restartedMain] com.netflix.discovery.DiscoveryClient    : Initializing Eureka in region us-east-1
2026-02-24T12:27:15.145-03:00  INFO 18820 --- [msclientes] [restartedMain] c.n.d.s.r.aws.ConfigClusterResolver      : Resolving eureka endpoints via configuration
2026-02-24T12:27:15.145-03:00  INFO 18820 --- [msclientes] [restartedMain] com.netflix.discovery.DiscoveryClient    : Disable delta property : false
2026-02-24T12:27:15.145-03:00  INFO 18820 --- [msclientes] [restartedMain] com.netflix.discovery.DiscoveryClient    : Single vip registry refresh property : null
2026-02-24T12:27:15.145-03:00  INFO 18820 --- [msclientes] [restartedMain] com.netflix.discovery.DiscoveryClient    : Force full registry fetch : false
2026-02-24T12:27:15.145-03:00  INFO 18820 --- [msclientes] [restartedMain] com.netflix.discovery.DiscoveryClient    : Application is null : false
2026-02-24T12:27:15.145-03:00  INFO 18820 --- [msclientes] [restartedMain] com.netflix.discovery.DiscoveryClient    : Registered Applications size is zero : true
2026-02-24T12:27:15.145-03:00  INFO 18820 --- [msclientes] [restartedMain] com.netflix.discovery.DiscoveryClient    : Application version is -1: true
2026-02-24T12:27:15.145-03:00  INFO 18820 --- [msclientes] [restartedMain] com.netflix.discovery.DiscoveryClient    : Getting all instance registry info from the eureka server
2026-02-24T12:27:15.210-03:00  INFO 18820 --- [msclientes] [restartedMain] com.netflix.discovery.DiscoveryClient    : The response status is 200
2026-02-24T12:27:15.211-03:00  INFO 18820 --- [msclientes] [restartedMain] com.netflix.discovery.DiscoveryClient    : Starting heartbeat executor: renew interval is: 30
2026-02-24T12:27:15.211-03:00  INFO 18820 --- [msclientes] [restartedMain] c.n.discovery.InstanceInfoReplicator     : InstanceInfoReplicator onDemand update allowed rate per min is 4
2026-02-24T12:27:15.211-03:00  INFO 18820 --- [msclientes] [restartedMain] com.netflix.discovery.DiscoveryClient    : Discovery Client initialized at timestamp 1771946835211 with initial instances count: 4
2026-02-24T12:27:15.211-03:00  INFO 18820 --- [msclientes] [restartedMain] o.s.c.n.e.s.EurekaServiceRegistry        : Registering application MSCLIENTES with eureka with status UP
2026-02-24T12:27:15.212-03:00  INFO 18820 --- [msclientes] [restartedMain] com.netflix.discovery.DiscoveryClient    : Saw local status change event StatusChangeEvent [timestamp=1771946835212, current=UP, previous=STARTING]
2026-02-24T12:27:15.212-03:00  INFO 18820 --- [msclientes] [DiscoveryClient-InstanceInfoReplicator-%d] com.netflix.discovery.DiscoveryClient    : DiscoveryClient_MSCLIENTES/msclientes:ab7732d6adadf6e2b6cf3fd1e10b2140: registering service...
2026-02-24T12:27:15.217-03:00  INFO 18820 --- [msclientes] [restartedMain] c.g.d.msclientes.MsclientesApplication   : Started MsclientesApplication in 0.545 seconds (process running for 164.932)
2026-02-24T12:27:15.217-03:00  INFO 18820 --- [msclientes] [restartedMain] .ConditionEvaluationDeltaLoggingListener : Condition evaluation unchanged
2026-02-24T12:27:15.275-03:00  INFO 18820 --- [msclientes] [DiscoveryClient-InstanceInfoReplicator-%d] com.netflix.discovery.DiscoveryClient    : DiscoveryClient_MSCLIENTES/msclientes:ab7732d6adadf6e2b6cf3fd1e10b2140 - registration status: 204
2026-02-24T12:27:16.527-03:00  INFO 18820 --- [msclientes] [File Watcher] rtingClassPathChangeChangedEventListener : Restarting due to 7 class path changes (7 additions, 0 deletions, 0 modifications)
2026-02-24T12:27:16.527-03:00  INFO 18820 --- [msclientes] [Thread-20] o.s.c.n.e.s.EurekaServiceRegistry        : Unregistering application MSCLIENTES with eureka with status DOWN
2026-02-24T12:27:16.527-03:00  INFO 18820 --- [msclientes] [Thread-20] com.netflix.discovery.DiscoveryClient    : Saw local status change event StatusChangeEvent [timestamp=1771946836527, current=DOWN, previous=UP]
2026-02-24T12:27:16.528-03:00  INFO 18820 --- [msclientes] [DiscoveryClient-InstanceInfoReplicator-%d] com.netflix.discovery.DiscoveryClient    : DiscoveryClient_MSCLIENTES/msclientes:ab7732d6adadf6e2b6cf3fd1e10b2140: registering service...
2026-02-24T12:27:16.528-03:00  INFO 18820 --- [msclientes] [Thread-20] o.s.boot.tomcat.GracefulShutdown         : Commencing graceful shutdown. Waiting for active requests to complete
2026-02-24T12:27:16.532-03:00  INFO 18820 --- [msclientes] [tomcat-shutdown] o.s.boot.tomcat.GracefulShutdown         : Graceful shutdown complete
2026-02-24T12:27:16.533-03:00  INFO 18820 --- [msclientes] [Thread-20] j.LocalContainerEntityManagerFactoryBean : Closing JPA EntityManagerFactory for persistence unit 'default'
2026-02-24T12:27:16.534-03:00  WARN 18820 --- [msclientes] [Thread-20] o.s.b.f.support.DisposableBeanAdapter    : Invocation of destroy method failed on bean with name 'inMemoryDatabaseShutdownExecutor': org.h2.jdbc.JdbcSQLNonTransientConnectionException: Database is already closed (to disable automatic closing at VM shutdown, add ";DB_CLOSE_ON_EXIT=FALSE" to the db URL) [90121-240]
2026-02-24T12:27:16.534-03:00  INFO 18820 --- [msclientes] [Thread-20] com.zaxxer.hikari.HikariDataSource       : HikariPool-4 - Shutdown initiated...
2026-02-24T12:27:16.534-03:00  INFO 18820 --- [msclientes] [Thread-20] com.zaxxer.hikari.HikariDataSource       : HikariPool-4 - Shutdown completed.
2026-02-24T12:27:16.534-03:00  INFO 18820 --- [msclientes] [Thread-20] com.netflix.discovery.DiscoveryClient    : Shutting down DiscoveryClient ...
2026-02-24T12:27:16.588-03:00  INFO 18820 --- [msclientes] [DiscoveryClient-InstanceInfoReplicator-%d] com.netflix.discovery.DiscoveryClient    : DiscoveryClient_MSCLIENTES/msclientes:ab7732d6adadf6e2b6cf3fd1e10b2140 - registration status: 204
2026-02-24T12:27:16.588-03:00  INFO 18820 --- [msclientes] [Thread-20] com.netflix.discovery.DiscoveryClient    : Unregistering ...
2026-02-24T12:27:16.651-03:00  INFO 18820 --- [msclientes] [Thread-20] com.netflix.discovery.DiscoveryClient    : DiscoveryClient_MSCLIENTES/msclientes:ab7732d6adadf6e2b6cf3fd1e10b2140 - deregister  status: 200
2026-02-24T12:27:16.651-03:00  INFO 18820 --- [msclientes] [Thread-20] com.netflix.discovery.DiscoveryClient    : Completed shut down of DiscoveryClient
2026-02-24T12:27:16.724-03:00  INFO 18820 --- [msclientes] [restartedMain] c.g.d.msclientes.MsclientesApplication   : Starting MsclientesApplication using Java 21.0.7 with PID 18820 (C:\Users\joanb\OneDrive\Área de Trabalho\Projetos\microservicos\msclientes\target\classes started by joanb in C:\Users\joanb\OneDrive\Área de Trabalho\Projetos\microservicos\msclientes)
2026-02-24T12:27:16.724-03:00  INFO 18820 --- [msclientes] [restartedMain] c.g.d.msclientes.MsclientesApplication   : The following 1 profile is active: "dev"
2026-02-24T12:27:16.847-03:00  INFO 18820 --- [msclientes] [restartedMain] .s.d.r.c.RepositoryConfigurationDelegate : Bootstrapping Spring Data JPA repositories in DEFAULT mode.
2026-02-24T12:27:16.857-03:00  INFO 18820 --- [msclientes] [restartedMain] .s.d.r.c.RepositoryConfigurationDelegate : Finished Spring Data repository scanning in 10 ms. Found 1 JPA repository interface.
2026-02-24T12:27:16.896-03:00  INFO 18820 --- [msclientes] [restartedMain] o.s.cloud.context.scope.GenericScope     : BeanFactory id=98c0abdc-4faa-320a-aa18-c7685c44e77f
2026-02-24T12:27:16.933-03:00  INFO 18820 --- [msclientes] [restartedMain] o.s.boot.tomcat.TomcatWebServer          : Tomcat initialized with port 0 (http)
2026-02-24T12:27:16.935-03:00  INFO 18820 --- [msclientes] [restartedMain] o.apache.catalina.core.StandardService   : Starting service [Tomcat]
2026-02-24T12:27:16.935-03:00  INFO 18820 --- [msclientes] [restartedMain] o.apache.catalina.core.StandardEngine    : Starting Servlet engine: [Apache Tomcat/11.0.15]
2026-02-24T12:27:16.970-03:00  INFO 18820 --- [msclientes] [restartedMain] b.w.c.s.WebApplicationContextInitializer : Root WebApplicationContext: initialization completed in 244 ms
2026-02-24T12:27:16.989-03:00  INFO 18820 --- [msclientes] [restartedMain] org.hibernate.orm.jpa                    : HHH008540: Processing PersistenceUnitInfo [name: default]
2026-02-24T12:27:17.016-03:00  INFO 18820 --- [msclientes] [restartedMain] o.s.o.j.p.SpringPersistenceUnitInfo      : No LoadTimeWeaver setup: ignoring JPA class transformer
2026-02-24T12:27:17.017-03:00  INFO 18820 --- [msclientes] [restartedMain] com.zaxxer.hikari.HikariDataSource       : HikariPool-5 - Starting...
2026-02-24T12:27:17.018-03:00  INFO 18820 --- [msclientes] [restartedMain] com.zaxxer.hikari.pool.HikariPool        : HikariPool-5 - Added connection conn40: url=jdbc:h2:mem:dbinmemory user=SA
2026-02-24T12:27:17.018-03:00  INFO 18820 --- [msclientes] [restartedMain] com.zaxxer.hikari.HikariDataSource       : HikariPool-5 - Start completed.
2026-02-24T12:27:17.019-03:00  INFO 18820 --- [msclientes] [restartedMain] org.hibernate.orm.connections.pooling    : HHH10001005: Database info:
	Database JDBC URL [jdbc:h2:mem:dbinmemory]
	Database driver: H2 JDBC Driver
	Database dialect: H2Dialect
	Database version: 2.4.240
	Default catalog/schema: DBINMEMORY/PUBLIC
	Autocommit mode: undefined/unknown
	Isolation level: READ_COMMITTED [default READ_COMMITTED]
	JDBC fetch size: 100
	Pool: DataSourceConnectionProvider
	Minimum pool size: undefined/unknown
	Maximum pool size: undefined/unknown
2026-02-24T12:27:17.046-03:00  INFO 18820 --- [msclientes] [restartedMain] org.hibernate.orm.core                   : HHH000489: No JTA platform available (set 'hibernate.transaction.jta.platform' to enable JTA platform integration)
2026-02-24T12:27:17.047-03:00  INFO 18820 --- [msclientes] [restartedMain] j.LocalContainerEntityManagerFactoryBean : Initialized JPA EntityManagerFactory for persistence unit 'default'
2026-02-24T12:27:17.075-03:00  WARN 18820 --- [msclientes] [restartedMain] JpaBaseConfiguration$JpaWebConfiguration : spring.jpa.open-in-view is enabled by default. Therefore, database queries may be performed during view rendering. Explicitly configure spring.jpa.open-in-view to disable this warning
2026-02-24T12:27:17.171-03:00  INFO 18820 --- [msclientes] [restartedMain] DiscoveryClientOptionalArgsConfiguration : Eureka HTTP Client uses RestClient.
2026-02-24T12:27:17.182-03:00  WARN 18820 --- [msclientes] [restartedMain] iguration$LoadBalancerCaffeineWarnLogger : Spring Cloud LoadBalancer is currently working with the default cache. While this cache implementation is useful for development and tests, it's recommended to use Caffeine cache in production.You can switch to using Caffeine cache, by adding it and org.springframework.cache.caffeine.CaffeineCacheManager to the classpath.
2026-02-24T12:27:17.191-03:00  INFO 18820 --- [msclientes] [restartedMain] o.s.boot.tomcat.TomcatWebServer          : Tomcat started on port 54371 (http) with context path '/'
2026-02-24T12:27:17.191-03:00  INFO 18820 --- [msclientes] [restartedMain] .s.c.n.e.s.EurekaAutoServiceRegistration : Updating port to 54371
2026-02-24T12:27:17.192-03:00  INFO 18820 --- [msclientes] [restartedMain] o.s.c.n.eureka.InstanceInfoFactory       : Setting initial instance status as: STARTING
2026-02-24T12:27:17.194-03:00  INFO 18820 --- [msclientes] [restartedMain] com.netflix.discovery.DiscoveryClient    : Initializing Eureka in region us-east-1
2026-02-24T12:27:17.195-03:00  INFO 18820 --- [msclientes] [restartedMain] c.n.d.s.r.aws.ConfigClusterResolver      : Resolving eureka endpoints via configuration
2026-02-24T12:27:17.195-03:00  INFO 18820 --- [msclientes] [restartedMain] com.netflix.discovery.DiscoveryClient    : Disable delta property : false
2026-02-24T12:27:17.195-03:00  INFO 18820 --- [msclientes] [restartedMain] com.netflix.discovery.DiscoveryClient    : Single vip registry refresh property : null
2026-02-24T12:27:17.195-03:00  INFO 18820 --- [msclientes] [restartedMain] com.netflix.discovery.DiscoveryClient    : Force full registry fetch : false
2026-02-24T12:27:17.195-03:00  INFO 18820 --- [msclientes] [restartedMain] com.netflix.discovery.DiscoveryClient    : Application is null : false
2026-02-24T12:27:17.195-03:00  INFO 18820 --- [msclientes] [restartedMain] com.netflix.discovery.DiscoveryClient    : Registered Applications size is zero : true
2026-02-24T12:27:17.195-03:00  INFO 18820 --- [msclientes] [restartedMain] com.netflix.discovery.DiscoveryClient    : Application version is -1: true
2026-02-24T12:27:17.195-03:00  INFO 18820 --- [msclientes] [restartedMain] com.netflix.discovery.DiscoveryClient    : Getting all instance registry info from the eureka server
2026-02-24T12:27:17.269-03:00  INFO 18820 --- [msclientes] [restartedMain] com.netflix.discovery.DiscoveryClient    : The response status is 200
2026-02-24T12:27:17.270-03:00  INFO 18820 --- [msclientes] [restartedMain] com.netflix.discovery.DiscoveryClient    : Starting heartbeat executor: renew interval is: 30
2026-02-24T12:27:17.270-03:00  INFO 18820 --- [msclientes] [restartedMain] c.n.discovery.InstanceInfoReplicator     : InstanceInfoReplicator onDemand update allowed rate per min is 4
2026-02-24T12:27:17.270-03:00  INFO 18820 --- [msclientes] [restartedMain] com.netflix.discovery.DiscoveryClient    : Discovery Client initialized at timestamp 1771946837270 with initial instances count: 4
2026-02-24T12:27:17.271-03:00  INFO 18820 --- [msclientes] [restartedMain] o.s.c.n.e.s.EurekaServiceRegistry        : Registering application MSCLIENTES with eureka with status UP
2026-02-24T12:27:17.271-03:00  INFO 18820 --- [msclientes] [restartedMain] com.netflix.discovery.DiscoveryClient    : Saw local status change event StatusChangeEvent [timestamp=1771946837271, current=UP, previous=STARTING]
2026-02-24T12:27:17.271-03:00  INFO 18820 --- [msclientes] [DiscoveryClient-InstanceInfoReplicator-%d] com.netflix.discovery.DiscoveryClient    : DiscoveryClient_MSCLIENTES/msclientes:f5943973f5890f90f7be5bdf72dcf0a5: registering service...
2026-02-24T12:27:17.276-03:00  INFO 18820 --- [msclientes] [restartedMain] c.g.d.msclientes.MsclientesApplication   : Started MsclientesApplication in 0.576 seconds (process running for 166.991)
2026-02-24T12:27:17.277-03:00  INFO 18820 --- [msclientes] [restartedMain] .ConditionEvaluationDeltaLoggingListener : Condition evaluation unchanged
2026-02-24T12:27:17.340-03:00  INFO 18820 --- [msclientes] [DiscoveryClient-InstanceInfoReplicator-%d] com.netflix.discovery.DiscoveryClient    : DiscoveryClient_MSCLIENTES/msclientes:f5943973f5890f90f7be5bdf72dcf0a5 - registration status: 204
2026-02-24T12:27:39.660-03:00  INFO 18820 --- [msclientes] [SpringApplicationShutdownHook] o.s.c.n.e.s.EurekaServiceRegistry        : Unregistering application MSCLIENTES with eureka with status DOWN
2026-02-24T12:27:39.660-03:00  INFO 18820 --- [msclientes] [SpringApplicationShutdownHook] com.netflix.discovery.DiscoveryClient    : Saw local status change event StatusChangeEvent [timestamp=1771946859660, current=DOWN, previous=UP]
2026-02-24T12:27:39.660-03:00  INFO 18820 --- [msclientes] [DiscoveryClient-InstanceInfoReplicator-%d] com.netflix.discovery.DiscoveryClient    : DiscoveryClient_MSCLIENTES/msclientes:f5943973f5890f90f7be5bdf72dcf0a5: registering service...
2026-02-24T12:27:39.661-03:00  INFO 18820 --- [msclientes] [SpringApplicationShutdownHook] o.s.boot.tomcat.GracefulShutdown         : Commencing graceful shutdown. Waiting for active requests to complete
2026-02-24T12:27:39.664-03:00  INFO 18820 --- [msclientes] [tomcat-shutdown] o.s.boot.tomcat.GracefulShutdown         : Graceful shutdown complete
2026-02-24T12:27:39.665-03:00  INFO 18820 --- [msclientes] [SpringApplicationShutdownHook] j.LocalContainerEntityManagerFactoryBean : Closing JPA EntityManagerFactory for persistence unit 'default'
2026-02-24T12:27:39.665-03:00  WARN 18820 --- [msclientes] [SpringApplicationShutdownHook] o.s.b.f.support.DisposableBeanAdapter    : Invocation of destroy method failed on bean with name 'inMemoryDatabaseShutdownExecutor': org.h2.jdbc.JdbcSQLNonTransientConnectionException: Database is already closed (to disable automatic closing at VM shutdown, add ";DB_CLOSE_ON_EXIT=FALSE" to the db URL) [90121-240]
2026-02-24T12:27:39.666-03:00  INFO 18820 --- [msclientes] [SpringApplicationShutdownHook] com.zaxxer.hikari.HikariDataSource       : HikariPool-5 - Shutdown initiated...
2026-02-24T12:27:39.666-03:00  INFO 18820 --- [msclientes] [SpringApplicationShutdownHook] com.zaxxer.hikari.HikariDataSource       : HikariPool-5 - Shutdown completed.
2026-02-24T12:27:39.666-03:00  INFO 18820 --- [msclientes] [SpringApplicationShutdownHook] com.netflix.discovery.DiscoveryClient    : Shutting down DiscoveryClient ...
2026-02-24T12:27:39.726-03:00  INFO 18820 --- [msclientes] [DiscoveryClient-InstanceInfoReplicator-%d] com.netflix.discovery.DiscoveryClient    : DiscoveryClient_MSCLIENTES/msclientes:f5943973f5890f90f7be5bdf72dcf0a5 - registration status: 204
2026-02-24T12:27:39.726-03:00  INFO 18820 --- [msclientes] [SpringApplicationShutdownHook] com.netflix.discovery.DiscoveryClient    : Unregistering ...
2026-02-24T12:27:39.782-03:00  INFO 18820 --- [msclientes] [SpringApplicationShutdownHook] com.netflix.discovery.DiscoveryClient    : DiscoveryClient_MSCLIENTES/msclientes:f5943973f5890f90f7be5bdf72dcf0a5 - deregister  status: 200
2026-02-24T12:27:39.782-03:00  INFO 18820 --- [msclientes] [SpringApplicationShutdownHook] com.netflix.discovery.DiscoveryClient    : Completed shut down of DiscoveryClient
2026-02-24T12:27:44.104-03:00  INFO 27900 --- [msclientes] [restartedMain] c.g.d.msclientes.MsclientesApplication   : Starting MsclientesApplication using Java 21.0.7 with PID 27900 (C:\Users\joanb\OneDrive\Área de Trabalho\Projetos\microservicos\msclientes\target\classes started by joanb in C:\Users\joanb\OneDrive\Área de Trabalho\Projetos\microservicos\msclientes)
2026-02-24T12:27:44.108-03:00  INFO 27900 --- [msclientes] [restartedMain] c.g.d.msclientes.MsclientesApplication   : The following 1 profile is active: "dev"
2026-02-24T12:27:44.168-03:00  INFO 27900 --- [msclientes] [restartedMain] .e.DevToolsPropertyDefaultsPostProcessor : Devtools property defaults active! Set 'spring.devtools.add-properties' to 'false' to disable
2026-02-24T12:27:44.168-03:00  INFO 27900 --- [msclientes] [restartedMain] .e.DevToolsPropertyDefaultsPostProcessor : For additional web related logging consider setting the 'logging.level.web' property to 'DEBUG'
2026-02-24T12:27:44.927-03:00  INFO 27900 --- [msclientes] [restartedMain] .s.d.r.c.RepositoryConfigurationDelegate : Bootstrapping Spring Data JPA repositories in DEFAULT mode.
2026-02-24T12:27:45.032-03:00  INFO 27900 --- [msclientes] [restartedMain] .s.d.r.c.RepositoryConfigurationDelegate : Finished Spring Data repository scanning in 98 ms. Found 1 JPA repository interface.
2026-02-24T12:27:45.288-03:00  INFO 27900 --- [msclientes] [restartedMain] o.s.cloud.context.scope.GenericScope     : BeanFactory id=c7cb2986-686f-38aa-b4d5-7430f74c9a45
2026-02-24T12:27:45.854-03:00  INFO 27900 --- [msclientes] [restartedMain] o.s.boot.tomcat.TomcatWebServer          : Tomcat initialized with port 0 (http)
2026-02-24T12:27:45.868-03:00  INFO 27900 --- [msclientes] [restartedMain] o.apache.catalina.core.StandardService   : Starting service [Tomcat]
2026-02-24T12:27:45.868-03:00  INFO 27900 --- [msclientes] [restartedMain] o.apache.catalina.core.StandardEngine    : Starting Servlet engine: [Apache Tomcat/11.0.15]
2026-02-24T12:27:45.912-03:00  INFO 27900 --- [msclientes] [restartedMain] b.w.c.s.WebApplicationContextInitializer : Root WebApplicationContext: initialization completed in 1743 ms
2026-02-24T12:27:46.353-03:00  INFO 27900 --- [msclientes] [restartedMain] org.hibernate.orm.jpa                    : HHH008540: Processing PersistenceUnitInfo [name: default]
2026-02-24T12:27:46.444-03:00  INFO 27900 --- [msclientes] [restartedMain] org.hibernate.orm.core                   : HHH000001: Hibernate ORM core version 7.2.0.Final
2026-02-24T12:27:46.869-03:00  INFO 27900 --- [msclientes] [restartedMain] o.s.o.j.p.SpringPersistenceUnitInfo      : No LoadTimeWeaver setup: ignoring JPA class transformer
2026-02-24T12:27:46.890-03:00  INFO 27900 --- [msclientes] [restartedMain] com.zaxxer.hikari.HikariDataSource       : HikariPool-1 - Starting...
2026-02-24T12:27:47.000-03:00  INFO 27900 --- [msclientes] [restartedMain] com.zaxxer.hikari.pool.HikariPool        : HikariPool-1 - Added connection conn0: url=jdbc:h2:mem:dbinmemory user=SA
2026-02-24T12:27:47.001-03:00  INFO 27900 --- [msclientes] [restartedMain] com.zaxxer.hikari.HikariDataSource       : HikariPool-1 - Start completed.
2026-02-24T12:27:47.043-03:00  INFO 27900 --- [msclientes] [restartedMain] org.hibernate.orm.connections.pooling    : HHH10001005: Database info:
	Database JDBC URL [jdbc:h2:mem:dbinmemory]
	Database driver: H2 JDBC Driver
	Database dialect: H2Dialect
	Database version: 2.4.240
	Default catalog/schema: DBINMEMORY/PUBLIC
	Autocommit mode: undefined/unknown
	Isolation level: READ_COMMITTED [default READ_COMMITTED]
	JDBC fetch size: 100
	Pool: DataSourceConnectionProvider
	Minimum pool size: undefined/unknown
	Maximum pool size: undefined/unknown
2026-02-24T12:27:47.593-03:00  INFO 27900 --- [msclientes] [restartedMain] org.hibernate.orm.core                   : HHH000489: No JTA platform available (set 'hibernate.transaction.jta.platform' to enable JTA platform integration)
2026-02-24T12:27:47.633-03:00  INFO 27900 --- [msclientes] [restartedMain] j.LocalContainerEntityManagerFactoryBean : Initialized JPA EntityManagerFactory for persistence unit 'default'
2026-02-24T12:27:47.718-03:00  INFO 27900 --- [msclientes] [restartedMain] o.s.d.j.r.query.QueryEnhancerFactories   : Hibernate is in classpath; If applicable, HQL parser will be used.
2026-02-24T12:27:47.960-03:00  WARN 27900 --- [msclientes] [restartedMain] JpaBaseConfiguration$JpaWebConfiguration : spring.jpa.open-in-view is enabled by default. Therefore, database queries may be performed during view rendering. Explicitly configure spring.jpa.open-in-view to disable this warning
2026-02-24T12:27:48.509-03:00  INFO 27900 --- [msclientes] [restartedMain] DiscoveryClientOptionalArgsConfiguration : Eureka HTTP Client uses RestClient.
2026-02-24T12:27:48.543-03:00  WARN 27900 --- [msclientes] [restartedMain] iguration$LoadBalancerCaffeineWarnLogger : Spring Cloud LoadBalancer is currently working with the default cache. While this cache implementation is useful for development and tests, it's recommended to use Caffeine cache in production.You can switch to using Caffeine cache, by adding it and org.springframework.cache.caffeine.CaffeineCacheManager to the classpath.
2026-02-24T12:27:48.549-03:00  INFO 27900 --- [msclientes] [restartedMain] o.s.b.a.e.web.EndpointLinksResolver      : Exposing 17 endpoints beneath base path '/actuator'
2026-02-24T12:27:48.622-03:00  INFO 27900 --- [msclientes] [restartedMain] o.s.boot.tomcat.TomcatWebServer          : Tomcat started on port 55266 (http) with context path '/'
2026-02-24T12:27:48.624-03:00  INFO 27900 --- [msclientes] [restartedMain] .s.c.n.e.s.EurekaAutoServiceRegistration : Updating port to 55266
2026-02-24T12:27:48.628-03:00  INFO 27900 --- [msclientes] [restartedMain] o.s.c.n.eureka.InstanceInfoFactory       : Setting initial instance status as: STARTING
2026-02-24T12:27:48.642-03:00  INFO 27900 --- [msclientes] [restartedMain] com.netflix.discovery.DiscoveryClient    : Initializing Eureka in region us-east-1
2026-02-24T12:27:48.645-03:00  INFO 27900 --- [msclientes] [restartedMain] c.n.d.s.r.aws.ConfigClusterResolver      : Resolving eureka endpoints via configuration
2026-02-24T12:27:48.651-03:00  INFO 27900 --- [msclientes] [restartedMain] com.netflix.discovery.DiscoveryClient    : Disable delta property : false
2026-02-24T12:27:48.651-03:00  INFO 27900 --- [msclientes] [restartedMain] com.netflix.discovery.DiscoveryClient    : Single vip registry refresh property : null
2026-02-24T12:27:48.652-03:00  INFO 27900 --- [msclientes] [restartedMain] com.netflix.discovery.DiscoveryClient    : Force full registry fetch : false
2026-02-24T12:27:48.652-03:00  INFO 27900 --- [msclientes] [restartedMain] com.netflix.discovery.DiscoveryClient    : Application is null : false
2026-02-24T12:27:48.652-03:00  INFO 27900 --- [msclientes] [restartedMain] com.netflix.discovery.DiscoveryClient    : Registered Applications size is zero : true
2026-02-24T12:27:48.652-03:00  INFO 27900 --- [msclientes] [restartedMain] com.netflix.discovery.DiscoveryClient    : Application version is -1: true
2026-02-24T12:27:48.652-03:00  INFO 27900 --- [msclientes] [restartedMain] com.netflix.discovery.DiscoveryClient    : Getting all instance registry info from the eureka server
2026-02-24T12:27:48.972-03:00  INFO 27900 --- [msclientes] [restartedMain] com.netflix.discovery.DiscoveryClient    : The response status is 200
2026-02-24T12:27:48.973-03:00  INFO 27900 --- [msclientes] [restartedMain] com.netflix.discovery.DiscoveryClient    : Starting heartbeat executor: renew interval is: 30
2026-02-24T12:27:48.975-03:00  INFO 27900 --- [msclientes] [restartedMain] c.n.discovery.InstanceInfoReplicator     : InstanceInfoReplicator onDemand update allowed rate per min is 4
2026-02-24T12:27:48.976-03:00  INFO 27900 --- [msclientes] [restartedMain] com.netflix.discovery.DiscoveryClient    : Discovery Client initialized at timestamp 1771946868975 with initial instances count: 4
2026-02-24T12:27:48.978-03:00  INFO 27900 --- [msclientes] [restartedMain] o.s.c.n.e.s.EurekaServiceRegistry        : Registering application MSCLIENTES with eureka with status UP
2026-02-24T12:27:48.978-03:00  INFO 27900 --- [msclientes] [restartedMain] com.netflix.discovery.DiscoveryClient    : Saw local status change event StatusChangeEvent [timestamp=1771946868978, current=UP, previous=STARTING]
2026-02-24T12:27:48.979-03:00  INFO 27900 --- [msclientes] [DiscoveryClient-InstanceInfoReplicator-%d] com.netflix.discovery.DiscoveryClient    : DiscoveryClient_MSCLIENTES/msclientes:238134589ff58b853b1c11862297357e: registering service...
2026-02-24T12:27:48.989-03:00  INFO 27900 --- [msclientes] [restartedMain] c.g.d.msclientes.MsclientesApplication   : Started MsclientesApplication in 5.34 seconds (process running for 5.989)
2026-02-24T12:27:49.062-03:00  INFO 27900 --- [msclientes] [DiscoveryClient-InstanceInfoReplicator-%d] com.netflix.discovery.DiscoveryClient    : DiscoveryClient_MSCLIENTES/msclientes:238134589ff58b853b1c11862297357e - registration status: 204
2026-02-24T12:28:10.666-03:00  INFO 27900 --- [msclientes] [http-nio-auto-1-exec-1] o.a.c.c.C.[Tomcat].[localhost].[/]       : Initializing Spring DispatcherServlet 'dispatcherServlet'
2026-02-24T12:28:10.666-03:00  INFO 27900 --- [msclientes] [http-nio-auto-1-exec-1] o.s.web.servlet.DispatcherServlet        : Initializing Servlet 'dispatcherServlet'
2026-02-24T12:28:10.668-03:00  INFO 27900 --- [msclientes] [http-nio-auto-1-exec-1] o.s.web.servlet.DispatcherServlet        : Completed initialization in 1 ms
2026-02-24T12:32:48.661-03:00  INFO 27900 --- [msclientes] [AsyncResolver-bootstrap-executor-%d] c.n.d.s.r.aws.ConfigClusterResolver      : Resolving eureka endpoints via configuration
2026-02-24T12:35:22.177-03:00  INFO 27900 --- [msclientes] [File Watcher] rtingClassPathChangeChangedEventListener : Restarting due to 10 class path changes (0 additions, 7 deletions, 3 modifications)
2026-02-24T12:35:22.179-03:00  INFO 27900 --- [msclientes] [Thread-1] o.s.c.n.e.s.EurekaServiceRegistry        : Unregistering application MSCLIENTES with eureka with status DOWN
2026-02-24T12:35:22.179-03:00  INFO 27900 --- [msclientes] [Thread-1] com.netflix.discovery.DiscoveryClient    : Saw local status change event StatusChangeEvent [timestamp=1771947322179, current=DOWN, previous=UP]
2026-02-24T12:35:22.179-03:00  INFO 27900 --- [msclientes] [DiscoveryClient-InstanceInfoReplicator-%d] com.netflix.discovery.DiscoveryClient    : DiscoveryClient_MSCLIENTES/msclientes:238134589ff58b853b1c11862297357e: registering service...
2026-02-24T12:35:22.182-03:00  INFO 27900 --- [msclientes] [Thread-1] o.s.boot.tomcat.GracefulShutdown         : Commencing graceful shutdown. Waiting for active requests to complete
2026-02-24T12:35:22.186-03:00  INFO 27900 --- [msclientes] [tomcat-shutdown] o.s.boot.tomcat.GracefulShutdown         : Graceful shutdown complete
2026-02-24T12:35:22.191-03:00  INFO 27900 --- [msclientes] [Thread-1] j.LocalContainerEntityManagerFactoryBean : Closing JPA EntityManagerFactory for persistence unit 'default'
2026-02-24T12:35:22.196-03:00  WARN 27900 --- [msclientes] [Thread-1] o.s.b.f.support.DisposableBeanAdapter    : Invocation of destroy method failed on bean with name 'inMemoryDatabaseShutdownExecutor': org.h2.jdbc.JdbcSQLNonTransientConnectionException: Database is already closed (to disable automatic closing at VM shutdown, add ";DB_CLOSE_ON_EXIT=FALSE" to the db URL) [90121-240]
2026-02-24T12:35:22.197-03:00  INFO 27900 --- [msclientes] [Thread-1] com.zaxxer.hikari.HikariDataSource       : HikariPool-1 - Shutdown initiated...
2026-02-24T12:35:22.198-03:00  INFO 27900 --- [msclientes] [Thread-1] com.zaxxer.hikari.HikariDataSource       : HikariPool-1 - Shutdown completed.
2026-02-24T12:35:22.199-03:00  INFO 27900 --- [msclientes] [Thread-1] com.netflix.discovery.DiscoveryClient    : Shutting down DiscoveryClient ...
2026-02-24T12:35:22.240-03:00  INFO 27900 --- [msclientes] [DiscoveryClient-InstanceInfoReplicator-%d] com.netflix.discovery.DiscoveryClient    : DiscoveryClient_MSCLIENTES/msclientes:238134589ff58b853b1c11862297357e - registration status: 204
2026-02-24T12:35:22.241-03:00  INFO 27900 --- [msclientes] [Thread-1] com.netflix.discovery.DiscoveryClient    : Unregistering ...
2026-02-24T12:35:22.302-03:00  INFO 27900 --- [msclientes] [Thread-1] com.netflix.discovery.DiscoveryClient    : DiscoveryClient_MSCLIENTES/msclientes:238134589ff58b853b1c11862297357e - deregister  status: 200
2026-02-24T12:35:22.302-03:00  INFO 27900 --- [msclientes] [Thread-1] com.netflix.discovery.DiscoveryClient    : Completed shut down of DiscoveryClient
2026-02-24T12:35:22.432-03:00  INFO 27900 --- [msclientes] [restartedMain] c.g.d.msclientes.MsclientesApplication   : Starting MsclientesApplication using Java 21.0.7 with PID 27900 (C:\Users\joanb\OneDrive\Área de Trabalho\Projetos\microservicos\msclientes\target\classes started by joanb in C:\Users\joanb\OneDrive\Área de Trabalho\Projetos\microservicos\msclientes)
2026-02-24T12:35:22.433-03:00  INFO 27900 --- [msclientes] [restartedMain] c.g.d.msclientes.MsclientesApplication   : The following 1 profile is active: "dev"
2026-02-24T12:35:22.670-03:00  INFO 27900 --- [msclientes] [restartedMain] .s.d.r.c.RepositoryConfigurationDelegate : Bootstrapping Spring Data JPA repositories in DEFAULT mode.
2026-02-24T12:35:22.672-03:00  INFO 27900 --- [msclientes] [restartedMain] .s.d.r.c.RepositoryConfigurationDelegate : Finished Spring Data repository scanning in 0 ms. Found 0 JPA repository interfaces.
2026-02-24T12:35:22.762-03:00  INFO 27900 --- [msclientes] [restartedMain] o.s.cloud.context.scope.GenericScope     : BeanFactory id=e78e7e30-1aa5-3047-bb72-37c7b72b4125
2026-02-24T12:35:22.816-03:00  INFO 27900 --- [msclientes] [restartedMain] o.s.boot.tomcat.TomcatWebServer          : Tomcat initialized with port 0 (http)
2026-02-24T12:35:22.817-03:00  INFO 27900 --- [msclientes] [restartedMain] o.apache.catalina.core.StandardService   : Starting service [Tomcat]
2026-02-24T12:35:22.817-03:00  INFO 27900 --- [msclientes] [restartedMain] o.apache.catalina.core.StandardEngine    : Starting Servlet engine: [Apache Tomcat/11.0.15]
2026-02-24T12:35:22.854-03:00  INFO 27900 --- [msclientes] [restartedMain] b.w.c.s.WebApplicationContextInitializer : Root WebApplicationContext: initialization completed in 419 ms
2026-02-24T12:35:22.933-03:00  INFO 27900 --- [msclientes] [restartedMain] org.hibernate.orm.jpa                    : HHH008540: Processing PersistenceUnitInfo [name: default]
2026-02-24T12:35:22.974-03:00  INFO 27900 --- [msclientes] [restartedMain] o.s.o.j.p.SpringPersistenceUnitInfo      : No LoadTimeWeaver setup: ignoring JPA class transformer
2026-02-24T12:35:22.975-03:00  INFO 27900 --- [msclientes] [restartedMain] com.zaxxer.hikari.HikariDataSource       : HikariPool-2 - Starting...
2026-02-24T12:35:22.977-03:00  INFO 27900 --- [msclientes] [restartedMain] com.zaxxer.hikari.pool.HikariPool        : HikariPool-2 - Added connection conn10: url=jdbc:h2:mem:dbinmemory user=SA
2026-02-24T12:35:22.978-03:00  INFO 27900 --- [msclientes] [restartedMain] com.zaxxer.hikari.HikariDataSource       : HikariPool-2 - Start completed.
2026-02-24T12:35:22.979-03:00  INFO 27900 --- [msclientes] [restartedMain] org.hibernate.orm.connections.pooling    : HHH10001005: Database info:
	Database JDBC URL [jdbc:h2:mem:dbinmemory]
	Database driver: H2 JDBC Driver
	Database dialect: H2Dialect
	Database version: 2.4.240
	Default catalog/schema: DBINMEMORY/PUBLIC
	Autocommit mode: undefined/unknown
	Isolation level: READ_COMMITTED [default READ_COMMITTED]
	JDBC fetch size: 100
	Pool: DataSourceConnectionProvider
	Minimum pool size: undefined/unknown
	Maximum pool size: undefined/unknown
2026-02-24T12:35:22.997-03:00  INFO 27900 --- [msclientes] [restartedMain] org.hibernate.orm.core                   : HHH000489: No JTA platform available (set 'hibernate.transaction.jta.platform' to enable JTA platform integration)
2026-02-24T12:35:22.998-03:00  INFO 27900 --- [msclientes] [restartedMain] j.LocalContainerEntityManagerFactoryBean : Initialized JPA EntityManagerFactory for persistence unit 'default'
2026-02-24T12:35:23.022-03:00  WARN 27900 --- [msclientes] [restartedMain] JpaBaseConfiguration$JpaWebConfiguration : spring.jpa.open-in-view is enabled by default. Therefore, database queries may be performed during view rendering. Explicitly configure spring.jpa.open-in-view to disable this warning
2026-02-24T12:35:23.168-03:00  INFO 27900 --- [msclientes] [restartedMain] DiscoveryClientOptionalArgsConfiguration : Eureka HTTP Client uses RestClient.
2026-02-24T12:35:23.177-03:00  WARN 27900 --- [msclientes] [restartedMain] iguration$LoadBalancerCaffeineWarnLogger : Spring Cloud LoadBalancer is currently working with the default cache. While this cache implementation is useful for development and tests, it's recommended to use Caffeine cache in production.You can switch to using Caffeine cache, by adding it and org.springframework.cache.caffeine.CaffeineCacheManager to the classpath.
2026-02-24T12:35:23.178-03:00  INFO 27900 --- [msclientes] [restartedMain] o.s.b.a.e.web.EndpointLinksResolver      : Exposing 17 endpoints beneath base path '/actuator'
2026-02-24T12:35:23.196-03:00  INFO 27900 --- [msclientes] [restartedMain] o.s.boot.tomcat.TomcatWebServer          : Tomcat started on port 62671 (http) with context path '/'
2026-02-24T12:35:23.197-03:00  INFO 27900 --- [msclientes] [restartedMain] .s.c.n.e.s.EurekaAutoServiceRegistration : Updating port to 62671
2026-02-24T12:35:23.198-03:00  INFO 27900 --- [msclientes] [restartedMain] o.s.c.n.eureka.InstanceInfoFactory       : Setting initial instance status as: STARTING
2026-02-24T12:35:23.200-03:00  INFO 27900 --- [msclientes] [restartedMain] com.netflix.discovery.DiscoveryClient    : Initializing Eureka in region us-east-1
2026-02-24T12:35:23.201-03:00  INFO 27900 --- [msclientes] [restartedMain] c.n.d.s.r.aws.ConfigClusterResolver      : Resolving eureka endpoints via configuration
2026-02-24T12:35:23.201-03:00  INFO 27900 --- [msclientes] [restartedMain] com.netflix.discovery.DiscoveryClient    : Disable delta property : false
2026-02-24T12:35:23.201-03:00  INFO 27900 --- [msclientes] [restartedMain] com.netflix.discovery.DiscoveryClient    : Single vip registry refresh property : null
2026-02-24T12:35:23.201-03:00  INFO 27900 --- [msclientes] [restartedMain] com.netflix.discovery.DiscoveryClient    : Force full registry fetch : false
2026-02-24T12:35:23.201-03:00  INFO 27900 --- [msclientes] [restartedMain] com.netflix.discovery.DiscoveryClient    : Application is null : false
2026-02-24T12:35:23.201-03:00  INFO 27900 --- [msclientes] [restartedMain] com.netflix.discovery.DiscoveryClient    : Registered Applications size is zero : true
2026-02-24T12:35:23.201-03:00  INFO 27900 --- [msclientes] [restartedMain] com.netflix.discovery.DiscoveryClient    : Application version is -1: true
2026-02-24T12:35:23.201-03:00  INFO 27900 --- [msclientes] [restartedMain] com.netflix.discovery.DiscoveryClient    : Getting all instance registry info from the eureka server
2026-02-24T12:35:23.277-03:00  INFO 27900 --- [msclientes] [restartedMain] com.netflix.discovery.DiscoveryClient    : The response status is 200
2026-02-24T12:35:23.278-03:00  INFO 27900 --- [msclientes] [restartedMain] com.netflix.discovery.DiscoveryClient    : Starting heartbeat executor: renew interval is: 30
2026-02-24T12:35:23.278-03:00  INFO 27900 --- [msclientes] [restartedMain] c.n.discovery.InstanceInfoReplicator     : InstanceInfoReplicator onDemand update allowed rate per min is 4
2026-02-24T12:35:23.278-03:00  INFO 27900 --- [msclientes] [restartedMain] com.netflix.discovery.DiscoveryClient    : Discovery Client initialized at timestamp 1771947323278 with initial instances count: 4
2026-02-24T12:35:23.279-03:00  INFO 27900 --- [msclientes] [restartedMain] o.s.c.n.e.s.EurekaServiceRegistry        : Registering application MSCLIENTES with eureka with status UP
2026-02-24T12:35:23.279-03:00  INFO 27900 --- [msclientes] [restartedMain] com.netflix.discovery.DiscoveryClient    : Saw local status change event StatusChangeEvent [timestamp=1771947323279, current=UP, previous=STARTING]
2026-02-24T12:35:23.279-03:00  INFO 27900 --- [msclientes] [DiscoveryClient-InstanceInfoReplicator-%d] com.netflix.discovery.DiscoveryClient    : DiscoveryClient_MSCLIENTES/msclientes:8fa9ffea3f51899dca6ffc8c7ae87e15: registering service...
2026-02-24T12:35:23.287-03:00  INFO 27900 --- [msclientes] [restartedMain] c.g.d.msclientes.MsclientesApplication   : Started MsclientesApplication in 0.9 seconds (process running for 460.287)
2026-02-24T12:35:23.290-03:00  INFO 27900 --- [msclientes] [restartedMain] .ConditionEvaluationDeltaLoggingListener : Condition evaluation unchanged
2026-02-24T12:35:23.350-03:00  INFO 27900 --- [msclientes] [DiscoveryClient-InstanceInfoReplicator-%d] com.netflix.discovery.DiscoveryClient    : DiscoveryClient_MSCLIENTES/msclientes:8fa9ffea3f51899dca6ffc8c7ae87e15 - registration status: 204
2026-02-24T12:35:24.600-03:00  INFO 27900 --- [msclientes] [File Watcher] rtingClassPathChangeChangedEventListener : Restarting due to 7 class path changes (7 additions, 0 deletions, 0 modifications)
2026-02-24T12:35:24.601-03:00  INFO 27900 --- [msclientes] [Thread-7] o.s.c.n.e.s.EurekaServiceRegistry        : Unregistering application MSCLIENTES with eureka with status DOWN
2026-02-24T12:35:24.601-03:00  INFO 27900 --- [msclientes] [Thread-7] com.netflix.discovery.DiscoveryClient    : Saw local status change event StatusChangeEvent [timestamp=1771947324601, current=DOWN, previous=UP]
2026-02-24T12:35:24.601-03:00  INFO 27900 --- [msclientes] [DiscoveryClient-InstanceInfoReplicator-%d] com.netflix.discovery.DiscoveryClient    : DiscoveryClient_MSCLIENTES/msclientes:8fa9ffea3f51899dca6ffc8c7ae87e15: registering service...
2026-02-24T12:35:24.602-03:00  INFO 27900 --- [msclientes] [Thread-7] o.s.boot.tomcat.GracefulShutdown         : Commencing graceful shutdown. Waiting for active requests to complete
2026-02-24T12:35:24.606-03:00  INFO 27900 --- [msclientes] [tomcat-shutdown] o.s.boot.tomcat.GracefulShutdown         : Graceful shutdown complete
2026-02-24T12:35:24.609-03:00  INFO 27900 --- [msclientes] [Thread-7] j.LocalContainerEntityManagerFactoryBean : Closing JPA EntityManagerFactory for persistence unit 'default'
2026-02-24T12:35:24.610-03:00  WARN 27900 --- [msclientes] [Thread-7] o.s.b.f.support.DisposableBeanAdapter    : Invocation of destroy method failed on bean with name 'inMemoryDatabaseShutdownExecutor': org.h2.jdbc.JdbcSQLNonTransientConnectionException: Database is already closed (to disable automatic closing at VM shutdown, add ";DB_CLOSE_ON_EXIT=FALSE" to the db URL) [90121-240]
2026-02-24T12:35:24.611-03:00  INFO 27900 --- [msclientes] [Thread-7] com.zaxxer.hikari.HikariDataSource       : HikariPool-2 - Shutdown initiated...
2026-02-24T12:35:24.611-03:00  INFO 27900 --- [msclientes] [Thread-7] com.zaxxer.hikari.HikariDataSource       : HikariPool-2 - Shutdown completed.
2026-02-24T12:35:24.612-03:00  INFO 27900 --- [msclientes] [Thread-7] com.netflix.discovery.DiscoveryClient    : Shutting down DiscoveryClient ...
2026-02-24T12:35:24.665-03:00  INFO 27900 --- [msclientes] [DiscoveryClient-InstanceInfoReplicator-%d] com.netflix.discovery.DiscoveryClient    : DiscoveryClient_MSCLIENTES/msclientes:8fa9ffea3f51899dca6ffc8c7ae87e15 - registration status: 204
2026-02-24T12:35:24.665-03:00  INFO 27900 --- [msclientes] [Thread-7] com.netflix.discovery.DiscoveryClient    : Unregistering ...
2026-02-24T12:35:24.728-03:00  INFO 27900 --- [msclientes] [Thread-7] com.netflix.discovery.DiscoveryClient    : DiscoveryClient_MSCLIENTES/msclientes:8fa9ffea3f51899dca6ffc8c7ae87e15 - deregister  status: 200
2026-02-24T12:35:24.728-03:00  INFO 27900 --- [msclientes] [Thread-7] com.netflix.discovery.DiscoveryClient    : Completed shut down of DiscoveryClient
2026-02-24T12:35:24.842-03:00  INFO 27900 --- [msclientes] [restartedMain] c.g.d.msclientes.MsclientesApplication   : Starting MsclientesApplication using Java 21.0.7 with PID 27900 (C:\Users\joanb\OneDrive\Área de Trabalho\Projetos\microservicos\msclientes\target\classes started by joanb in C:\Users\joanb\OneDrive\Área de Trabalho\Projetos\microservicos\msclientes)
2026-02-24T12:35:24.842-03:00  INFO 27900 --- [msclientes] [restartedMain] c.g.d.msclientes.MsclientesApplication   : The following 1 profile is active: "dev"
2026-02-24T12:35:25.074-03:00  INFO 27900 --- [msclientes] [restartedMain] .s.d.r.c.RepositoryConfigurationDelegate : Bootstrapping Spring Data JPA repositories in DEFAULT mode.
2026-02-24T12:35:25.089-03:00  INFO 27900 --- [msclientes] [restartedMain] .s.d.r.c.RepositoryConfigurationDelegate : Finished Spring Data repository scanning in 13 ms. Found 1 JPA repository interface.
2026-02-24T12:35:25.162-03:00  INFO 27900 --- [msclientes] [restartedMain] o.s.cloud.context.scope.GenericScope     : BeanFactory id=c7cb2986-686f-38aa-b4d5-7430f74c9a45
2026-02-24T12:35:25.211-03:00  INFO 27900 --- [msclientes] [restartedMain] o.s.boot.tomcat.TomcatWebServer          : Tomcat initialized with port 0 (http)
2026-02-24T12:35:25.212-03:00  INFO 27900 --- [msclientes] [restartedMain] o.apache.catalina.core.StandardService   : Starting service [Tomcat]
2026-02-24T12:35:25.212-03:00  INFO 27900 --- [msclientes] [restartedMain] o.apache.catalina.core.StandardEngine    : Starting Servlet engine: [Apache Tomcat/11.0.15]
2026-02-24T12:35:25.252-03:00  INFO 27900 --- [msclientes] [restartedMain] b.w.c.s.WebApplicationContextInitializer : Root WebApplicationContext: initialization completed in 407 ms
2026-02-24T12:35:25.322-03:00  INFO 27900 --- [msclientes] [restartedMain] org.hibernate.orm.jpa                    : HHH008540: Processing PersistenceUnitInfo [name: default]
2026-02-24T12:35:25.359-03:00  INFO 27900 --- [msclientes] [restartedMain] o.s.o.j.p.SpringPersistenceUnitInfo      : No LoadTimeWeaver setup: ignoring JPA class transformer
2026-02-24T12:35:25.360-03:00  INFO 27900 --- [msclientes] [restartedMain] com.zaxxer.hikari.HikariDataSource       : HikariPool-3 - Starting...
2026-02-24T12:35:25.363-03:00  INFO 27900 --- [msclientes] [restartedMain] com.zaxxer.hikari.pool.HikariPool        : HikariPool-3 - Added connection conn20: url=jdbc:h2:mem:dbinmemory user=SA
2026-02-24T12:35:25.364-03:00  INFO 27900 --- [msclientes] [restartedMain] com.zaxxer.hikari.HikariDataSource       : HikariPool-3 - Start completed.
2026-02-24T12:35:25.364-03:00  INFO 27900 --- [msclientes] [restartedMain] org.hibernate.orm.connections.pooling    : HHH10001005: Database info:
	Database JDBC URL [jdbc:h2:mem:dbinmemory]
	Database driver: H2 JDBC Driver
	Database dialect: H2Dialect
	Database version: 2.4.240
	Default catalog/schema: DBINMEMORY/PUBLIC
	Autocommit mode: undefined/unknown
	Isolation level: READ_COMMITTED [default READ_COMMITTED]
	JDBC fetch size: 100
	Pool: DataSourceConnectionProvider
	Minimum pool size: undefined/unknown
	Maximum pool size: undefined/unknown
2026-02-24T12:35:25.409-03:00  INFO 27900 --- [msclientes] [restartedMain] org.hibernate.orm.core                   : HHH000489: No JTA platform available (set 'hibernate.transaction.jta.platform' to enable JTA platform integration)
2026-02-24T12:35:25.414-03:00  INFO 27900 --- [msclientes] [restartedMain] j.LocalContainerEntityManagerFactoryBean : Initialized JPA EntityManagerFactory for persistence unit 'default'
2026-02-24T12:35:25.471-03:00  WARN 27900 --- [msclientes] [restartedMain] JpaBaseConfiguration$JpaWebConfiguration : spring.jpa.open-in-view is enabled by default. Therefore, database queries may be performed during view rendering. Explicitly configure spring.jpa.open-in-view to disable this warning
2026-02-24T12:35:25.649-03:00  INFO 27900 --- [msclientes] [restartedMain] DiscoveryClientOptionalArgsConfiguration : Eureka HTTP Client uses RestClient.
2026-02-24T12:35:25.657-03:00  WARN 27900 --- [msclientes] [restartedMain] iguration$LoadBalancerCaffeineWarnLogger : Spring Cloud LoadBalancer is currently working with the default cache. While this cache implementation is useful for development and tests, it's recommended to use Caffeine cache in production.You can switch to using Caffeine cache, by adding it and org.springframework.cache.caffeine.CaffeineCacheManager to the classpath.
2026-02-24T12:35:25.659-03:00  INFO 27900 --- [msclientes] [restartedMain] o.s.b.a.e.web.EndpointLinksResolver      : Exposing 17 endpoints beneath base path '/actuator'
2026-02-24T12:35:25.674-03:00  INFO 27900 --- [msclientes] [restartedMain] o.s.boot.tomcat.TomcatWebServer          : Tomcat started on port 57935 (http) with context path '/'
2026-02-24T12:35:25.675-03:00  INFO 27900 --- [msclientes] [restartedMain] .s.c.n.e.s.EurekaAutoServiceRegistration : Updating port to 57935
2026-02-24T12:35:25.676-03:00  INFO 27900 --- [msclientes] [restartedMain] o.s.c.n.eureka.InstanceInfoFactory       : Setting initial instance status as: STARTING
2026-02-24T12:35:25.677-03:00  INFO 27900 --- [msclientes] [restartedMain] com.netflix.discovery.DiscoveryClient    : Initializing Eureka in region us-east-1
2026-02-24T12:35:25.677-03:00  INFO 27900 --- [msclientes] [restartedMain] c.n.d.s.r.aws.ConfigClusterResolver      : Resolving eureka endpoints via configuration
2026-02-24T12:35:25.677-03:00  INFO 27900 --- [msclientes] [restartedMain] com.netflix.discovery.DiscoveryClient    : Disable delta property : false
2026-02-24T12:35:25.677-03:00  INFO 27900 --- [msclientes] [restartedMain] com.netflix.discovery.DiscoveryClient    : Single vip registry refresh property : null
2026-02-24T12:35:25.677-03:00  INFO 27900 --- [msclientes] [restartedMain] com.netflix.discovery.DiscoveryClient    : Force full registry fetch : false
2026-02-24T12:35:25.677-03:00  INFO 27900 --- [msclientes] [restartedMain] com.netflix.discovery.DiscoveryClient    : Application is null : false
2026-02-24T12:35:25.678-03:00  INFO 27900 --- [msclientes] [restartedMain] com.netflix.discovery.DiscoveryClient    : Registered Applications size is zero : true
2026-02-24T12:35:25.678-03:00  INFO 27900 --- [msclientes] [restartedMain] com.netflix.discovery.DiscoveryClient    : Application version is -1: true
2026-02-24T12:35:25.678-03:00  INFO 27900 --- [msclientes] [restartedMain] com.netflix.discovery.DiscoveryClient    : Getting all instance registry info from the eureka server
2026-02-24T12:35:25.749-03:00  INFO 27900 --- [msclientes] [restartedMain] com.netflix.discovery.DiscoveryClient    : The response status is 200
2026-02-24T12:35:25.750-03:00  INFO 27900 --- [msclientes] [restartedMain] com.netflix.discovery.DiscoveryClient    : Starting heartbeat executor: renew interval is: 30
2026-02-24T12:35:25.750-03:00  INFO 27900 --- [msclientes] [restartedMain] c.n.discovery.InstanceInfoReplicator     : InstanceInfoReplicator onDemand update allowed rate per min is 4
2026-02-24T12:35:25.750-03:00  INFO 27900 --- [msclientes] [restartedMain] com.netflix.discovery.DiscoveryClient    : Discovery Client initialized at timestamp 1771947325750 with initial instances count: 4
2026-02-24T12:35:25.751-03:00  INFO 27900 --- [msclientes] [restartedMain] o.s.c.n.e.s.EurekaServiceRegistry        : Registering application MSCLIENTES with eureka with status UP
2026-02-24T12:35:25.751-03:00  INFO 27900 --- [msclientes] [restartedMain] com.netflix.discovery.DiscoveryClient    : Saw local status change event StatusChangeEvent [timestamp=1771947325751, current=UP, previous=STARTING]
2026-02-24T12:35:25.751-03:00  INFO 27900 --- [msclientes] [DiscoveryClient-InstanceInfoReplicator-%d] com.netflix.discovery.DiscoveryClient    : DiscoveryClient_MSCLIENTES/msclientes:0bc4a94cfc3850e4d384f839c314a084: registering service...
2026-02-24T12:35:25.760-03:00  INFO 27900 --- [msclientes] [restartedMain] c.g.d.msclientes.MsclientesApplication   : Started MsclientesApplication in 0.951 seconds (process running for 462.76)
2026-02-24T12:35:25.762-03:00  INFO 27900 --- [msclientes] [restartedMain] .ConditionEvaluationDeltaLoggingListener : Condition evaluation unchanged
2026-02-24T12:35:25.822-03:00  INFO 27900 --- [msclientes] [DiscoveryClient-InstanceInfoReplicator-%d] com.netflix.discovery.DiscoveryClient    : DiscoveryClient_MSCLIENTES/msclientes:0bc4a94cfc3850e4d384f839c314a084 - registration status: 204
2026-02-24T12:35:45.748-03:00  INFO 27900 --- [msclientes] [File Watcher] rtingClassPathChangeChangedEventListener : Restarting due to 10 class path changes (0 additions, 7 deletions, 3 modifications)
2026-02-24T12:35:45.750-03:00  INFO 27900 --- [msclientes] [Thread-14] o.s.c.n.e.s.EurekaServiceRegistry        : Unregistering application MSCLIENTES with eureka with status DOWN
2026-02-24T12:35:45.750-03:00  INFO 27900 --- [msclientes] [Thread-14] com.netflix.discovery.DiscoveryClient    : Saw local status change event StatusChangeEvent [timestamp=1771947345750, current=DOWN, previous=UP]
2026-02-24T12:35:45.750-03:00  INFO 27900 --- [msclientes] [DiscoveryClient-InstanceInfoReplicator-%d] com.netflix.discovery.DiscoveryClient    : DiscoveryClient_MSCLIENTES/msclientes:0bc4a94cfc3850e4d384f839c314a084: registering service...
2026-02-24T12:35:45.750-03:00  INFO 27900 --- [msclientes] [Thread-14] o.s.boot.tomcat.GracefulShutdown         : Commencing graceful shutdown. Waiting for active requests to complete
2026-02-24T12:35:45.753-03:00  INFO 27900 --- [msclientes] [tomcat-shutdown] o.s.boot.tomcat.GracefulShutdown         : Graceful shutdown complete
2026-02-24T12:35:45.755-03:00  INFO 27900 --- [msclientes] [Thread-14] j.LocalContainerEntityManagerFactoryBean : Closing JPA EntityManagerFactory for persistence unit 'default'
2026-02-24T12:35:45.755-03:00  WARN 27900 --- [msclientes] [Thread-14] o.s.b.f.support.DisposableBeanAdapter    : Invocation of destroy method failed on bean with name 'inMemoryDatabaseShutdownExecutor': org.h2.jdbc.JdbcSQLNonTransientConnectionException: Database is already closed (to disable automatic closing at VM shutdown, add ";DB_CLOSE_ON_EXIT=FALSE" to the db URL) [90121-240]
2026-02-24T12:35:45.755-03:00  INFO 27900 --- [msclientes] [Thread-14] com.zaxxer.hikari.HikariDataSource       : HikariPool-3 - Shutdown initiated...
2026-02-24T12:35:45.756-03:00  INFO 27900 --- [msclientes] [Thread-14] com.zaxxer.hikari.HikariDataSource       : HikariPool-3 - Shutdown completed.
2026-02-24T12:35:45.756-03:00  INFO 27900 --- [msclientes] [Thread-14] com.netflix.discovery.DiscoveryClient    : Shutting down DiscoveryClient ...
2026-02-24T12:35:45.818-03:00  INFO 27900 --- [msclientes] [DiscoveryClient-InstanceInfoReplicator-%d] com.netflix.discovery.DiscoveryClient    : DiscoveryClient_MSCLIENTES/msclientes:0bc4a94cfc3850e4d384f839c314a084 - registration status: 204
2026-02-24T12:35:45.818-03:00  INFO 27900 --- [msclientes] [Thread-14] com.netflix.discovery.DiscoveryClient    : Unregistering ...
2026-02-24T12:35:45.874-03:00  INFO 27900 --- [msclientes] [Thread-14] com.netflix.discovery.DiscoveryClient    : DiscoveryClient_MSCLIENTES/msclientes:0bc4a94cfc3850e4d384f839c314a084 - deregister  status: 200
2026-02-24T12:35:45.874-03:00  INFO 27900 --- [msclientes] [Thread-14] com.netflix.discovery.DiscoveryClient    : Completed shut down of DiscoveryClient
2026-02-24T12:35:45.953-03:00  INFO 27900 --- [msclientes] [restartedMain] c.g.d.msclientes.MsclientesApplication   : Starting MsclientesApplication using Java 21.0.7 with PID 27900 (C:\Users\joanb\OneDrive\Área de Trabalho\Projetos\microservicos\msclientes\target\classes started by joanb in C:\Users\joanb\OneDrive\Área de Trabalho\Projetos\microservicos\msclientes)
2026-02-24T12:35:45.953-03:00  INFO 27900 --- [msclientes] [restartedMain] c.g.d.msclientes.MsclientesApplication   : The following 1 profile is active: "dev"
2026-02-24T12:35:46.101-03:00  INFO 27900 --- [msclientes] [restartedMain] .s.d.r.c.RepositoryConfigurationDelegate : Bootstrapping Spring Data JPA repositories in DEFAULT mode.
2026-02-24T12:35:46.103-03:00  INFO 27900 --- [msclientes] [restartedMain] .s.d.r.c.RepositoryConfigurationDelegate : Finished Spring Data repository scanning in 0 ms. Found 0 JPA repository interfaces.
2026-02-24T12:35:46.171-03:00  INFO 27900 --- [msclientes] [restartedMain] o.s.cloud.context.scope.GenericScope     : BeanFactory id=e78e7e30-1aa5-3047-bb72-37c7b72b4125
2026-02-24T12:35:46.209-03:00  INFO 27900 --- [msclientes] [restartedMain] o.s.boot.tomcat.TomcatWebServer          : Tomcat initialized with port 0 (http)
2026-02-24T12:35:46.209-03:00  INFO 27900 --- [msclientes] [restartedMain] o.apache.catalina.core.StandardService   : Starting service [Tomcat]
2026-02-24T12:35:46.210-03:00  INFO 27900 --- [msclientes] [restartedMain] o.apache.catalina.core.StandardEngine    : Starting Servlet engine: [Apache Tomcat/11.0.15]
2026-02-24T12:35:46.243-03:00  INFO 27900 --- [msclientes] [restartedMain] b.w.c.s.WebApplicationContextInitializer : Root WebApplicationContext: initialization completed in 287 ms
2026-02-24T12:35:46.294-03:00  INFO 27900 --- [msclientes] [restartedMain] org.hibernate.orm.jpa                    : HHH008540: Processing PersistenceUnitInfo [name: default]
2026-02-24T12:35:46.318-03:00  INFO 27900 --- [msclientes] [restartedMain] o.s.o.j.p.SpringPersistenceUnitInfo      : No LoadTimeWeaver setup: ignoring JPA class transformer
2026-02-24T12:35:46.319-03:00  INFO 27900 --- [msclientes] [restartedMain] com.zaxxer.hikari.HikariDataSource       : HikariPool-4 - Starting...
2026-02-24T12:35:46.321-03:00  INFO 27900 --- [msclientes] [restartedMain] com.zaxxer.hikari.pool.HikariPool        : HikariPool-4 - Added connection conn30: url=jdbc:h2:mem:dbinmemory user=SA
2026-02-24T12:35:46.321-03:00  INFO 27900 --- [msclientes] [restartedMain] com.zaxxer.hikari.HikariDataSource       : HikariPool-4 - Start completed.
2026-02-24T12:35:46.322-03:00  INFO 27900 --- [msclientes] [restartedMain] org.hibernate.orm.connections.pooling    : HHH10001005: Database info:
	Database JDBC URL [jdbc:h2:mem:dbinmemory]
	Database driver: H2 JDBC Driver
	Database dialect: H2Dialect
	Database version: 2.4.240
	Default catalog/schema: DBINMEMORY/PUBLIC
	Autocommit mode: undefined/unknown
	Isolation level: READ_COMMITTED [default READ_COMMITTED]
	JDBC fetch size: 100
	Pool: DataSourceConnectionProvider
	Minimum pool size: undefined/unknown
	Maximum pool size: undefined/unknown
2026-02-24T12:35:46.334-03:00  INFO 27900 --- [msclientes] [restartedMain] org.hibernate.orm.core                   : HHH000489: No JTA platform available (set 'hibernate.transaction.jta.platform' to enable JTA platform integration)
2026-02-24T12:35:46.335-03:00  INFO 27900 --- [msclientes] [restartedMain] j.LocalContainerEntityManagerFactoryBean : Initialized JPA EntityManagerFactory for persistence unit 'default'
2026-02-24T12:35:46.348-03:00  WARN 27900 --- [msclientes] [restartedMain] JpaBaseConfiguration$JpaWebConfiguration : spring.jpa.open-in-view is enabled by default. Therefore, database queries may be performed during view rendering. Explicitly configure spring.jpa.open-in-view to disable this warning
2026-02-24T12:35:46.435-03:00  INFO 27900 --- [msclientes] [restartedMain] DiscoveryClientOptionalArgsConfiguration : Eureka HTTP Client uses RestClient.
2026-02-24T12:35:46.439-03:00  WARN 27900 --- [msclientes] [restartedMain] iguration$LoadBalancerCaffeineWarnLogger : Spring Cloud LoadBalancer is currently working with the default cache. While this cache implementation is useful for development and tests, it's recommended to use Caffeine cache in production.You can switch to using Caffeine cache, by adding it and org.springframework.cache.caffeine.CaffeineCacheManager to the classpath.
2026-02-24T12:35:46.440-03:00  INFO 27900 --- [msclientes] [restartedMain] o.s.b.a.e.web.EndpointLinksResolver      : Exposing 17 endpoints beneath base path '/actuator'
2026-02-24T12:35:46.449-03:00  INFO 27900 --- [msclientes] [restartedMain] o.s.boot.tomcat.TomcatWebServer          : Tomcat started on port 59328 (http) with context path '/'
2026-02-24T12:35:46.450-03:00  INFO 27900 --- [msclientes] [restartedMain] .s.c.n.e.s.EurekaAutoServiceRegistration : Updating port to 59328
2026-02-24T12:35:46.451-03:00  INFO 27900 --- [msclientes] [restartedMain] o.s.c.n.eureka.InstanceInfoFactory       : Setting initial instance status as: STARTING
2026-02-24T12:35:46.452-03:00  INFO 27900 --- [msclientes] [restartedMain] com.netflix.discovery.DiscoveryClient    : Initializing Eureka in region us-east-1
2026-02-24T12:35:46.452-03:00  INFO 27900 --- [msclientes] [restartedMain] c.n.d.s.r.aws.ConfigClusterResolver      : Resolving eureka endpoints via configuration
2026-02-24T12:35:46.452-03:00  INFO 27900 --- [msclientes] [restartedMain] com.netflix.discovery.DiscoveryClient    : Disable delta property : false
2026-02-24T12:35:46.452-03:00  INFO 27900 --- [msclientes] [restartedMain] com.netflix.discovery.DiscoveryClient    : Single vip registry refresh property : null
2026-02-24T12:35:46.452-03:00  INFO 27900 --- [msclientes] [restartedMain] com.netflix.discovery.DiscoveryClient    : Force full registry fetch : false
2026-02-24T12:35:46.452-03:00  INFO 27900 --- [msclientes] [restartedMain] com.netflix.discovery.DiscoveryClient    : Application is null : false
2026-02-24T12:35:46.452-03:00  INFO 27900 --- [msclientes] [restartedMain] com.netflix.discovery.DiscoveryClient    : Registered Applications size is zero : true
2026-02-24T12:35:46.452-03:00  INFO 27900 --- [msclientes] [restartedMain] com.netflix.discovery.DiscoveryClient    : Application version is -1: true
2026-02-24T12:35:46.452-03:00  INFO 27900 --- [msclientes] [restartedMain] com.netflix.discovery.DiscoveryClient    : Getting all instance registry info from the eureka server
2026-02-24T12:35:46.515-03:00  INFO 27900 --- [msclientes] [restartedMain] com.netflix.discovery.DiscoveryClient    : The response status is 200
2026-02-24T12:35:46.516-03:00  INFO 27900 --- [msclientes] [restartedMain] com.netflix.discovery.DiscoveryClient    : Starting heartbeat executor: renew interval is: 30
2026-02-24T12:35:46.516-03:00  INFO 27900 --- [msclientes] [restartedMain] c.n.discovery.InstanceInfoReplicator     : InstanceInfoReplicator onDemand update allowed rate per min is 4
2026-02-24T12:35:46.516-03:00  INFO 27900 --- [msclientes] [restartedMain] com.netflix.discovery.DiscoveryClient    : Discovery Client initialized at timestamp 1771947346516 with initial instances count: 4
2026-02-24T12:35:46.517-03:00  INFO 27900 --- [msclientes] [restartedMain] o.s.c.n.e.s.EurekaServiceRegistry        : Registering application MSCLIENTES with eureka with status UP
2026-02-24T12:35:46.517-03:00  INFO 27900 --- [msclientes] [restartedMain] com.netflix.discovery.DiscoveryClient    : Saw local status change event StatusChangeEvent [timestamp=1771947346517, current=UP, previous=STARTING]
2026-02-24T12:35:46.517-03:00  INFO 27900 --- [msclientes] [DiscoveryClient-InstanceInfoReplicator-%d] com.netflix.discovery.DiscoveryClient    : DiscoveryClient_MSCLIENTES/msclientes:3f0a45db62a4b2cdef30170350857202: registering service...
2026-02-24T12:35:46.521-03:00  INFO 27900 --- [msclientes] [restartedMain] c.g.d.msclientes.MsclientesApplication   : Started MsclientesApplication in 0.594 seconds (process running for 483.522)
2026-02-24T12:35:46.523-03:00  INFO 27900 --- [msclientes] [restartedMain] .ConditionEvaluationDeltaLoggingListener : Condition evaluation unchanged
2026-02-24T12:35:46.579-03:00  INFO 27900 --- [msclientes] [DiscoveryClient-InstanceInfoReplicator-%d] com.netflix.discovery.DiscoveryClient    : DiscoveryClient_MSCLIENTES/msclientes:3f0a45db62a4b2cdef30170350857202 - registration status: 204
2026-02-24T12:35:47.848-03:00  INFO 27900 --- [msclientes] [File Watcher] rtingClassPathChangeChangedEventListener : Restarting due to 7 class path changes (7 additions, 0 deletions, 0 modifications)
2026-02-24T12:35:47.849-03:00  INFO 27900 --- [msclientes] [Thread-20] o.s.c.n.e.s.EurekaServiceRegistry        : Unregistering application MSCLIENTES with eureka with status DOWN
2026-02-24T12:35:47.849-03:00  INFO 27900 --- [msclientes] [Thread-20] com.netflix.discovery.DiscoveryClient    : Saw local status change event StatusChangeEvent [timestamp=1771947347849, current=DOWN, previous=UP]
2026-02-24T12:35:47.849-03:00  INFO 27900 --- [msclientes] [DiscoveryClient-InstanceInfoReplicator-%d] com.netflix.discovery.DiscoveryClient    : DiscoveryClient_MSCLIENTES/msclientes:3f0a45db62a4b2cdef30170350857202: registering service...
2026-02-24T12:35:47.850-03:00  INFO 27900 --- [msclientes] [Thread-20] o.s.boot.tomcat.GracefulShutdown         : Commencing graceful shutdown. Waiting for active requests to complete
2026-02-24T12:35:47.853-03:00  INFO 27900 --- [msclientes] [tomcat-shutdown] o.s.boot.tomcat.GracefulShutdown         : Graceful shutdown complete
2026-02-24T12:35:47.855-03:00  INFO 27900 --- [msclientes] [Thread-20] j.LocalContainerEntityManagerFactoryBean : Closing JPA EntityManagerFactory for persistence unit 'default'
2026-02-24T12:35:47.855-03:00  WARN 27900 --- [msclientes] [Thread-20] o.s.b.f.support.DisposableBeanAdapter    : Invocation of destroy method failed on bean with name 'inMemoryDatabaseShutdownExecutor': org.h2.jdbc.JdbcSQLNonTransientConnectionException: Database is already closed (to disable automatic closing at VM shutdown, add ";DB_CLOSE_ON_EXIT=FALSE" to the db URL) [90121-240]
2026-02-24T12:35:47.856-03:00  INFO 27900 --- [msclientes] [Thread-20] com.zaxxer.hikari.HikariDataSource       : HikariPool-4 - Shutdown initiated...
2026-02-24T12:35:47.856-03:00  INFO 27900 --- [msclientes] [Thread-20] com.zaxxer.hikari.HikariDataSource       : HikariPool-4 - Shutdown completed.
2026-02-24T12:35:47.856-03:00  INFO 27900 --- [msclientes] [Thread-20] com.netflix.discovery.DiscoveryClient    : Shutting down DiscoveryClient ...
2026-02-24T12:35:47.907-03:00  INFO 27900 --- [msclientes] [DiscoveryClient-InstanceInfoReplicator-%d] com.netflix.discovery.DiscoveryClient    : DiscoveryClient_MSCLIENTES/msclientes:3f0a45db62a4b2cdef30170350857202 - registration status: 204
2026-02-24T12:35:47.907-03:00  INFO 27900 --- [msclientes] [Thread-20] com.netflix.discovery.DiscoveryClient    : Unregistering ...
2026-02-24T12:35:47.963-03:00  INFO 27900 --- [msclientes] [Thread-20] com.netflix.discovery.DiscoveryClient    : DiscoveryClient_MSCLIENTES/msclientes:3f0a45db62a4b2cdef30170350857202 - deregister  status: 200
2026-02-24T12:35:47.963-03:00  INFO 27900 --- [msclientes] [Thread-20] com.netflix.discovery.DiscoveryClient    : Completed shut down of DiscoveryClient
2026-02-24T12:35:48.057-03:00  INFO 27900 --- [msclientes] [restartedMain] c.g.d.msclientes.MsclientesApplication   : Starting MsclientesApplication using Java 21.0.7 with PID 27900 (C:\Users\joanb\OneDrive\Área de Trabalho\Projetos\microservicos\msclientes\target\classes started by joanb in C:\Users\joanb\OneDrive\Área de Trabalho\Projetos\microservicos\msclientes)
2026-02-24T12:35:48.058-03:00  INFO 27900 --- [msclientes] [restartedMain] c.g.d.msclientes.MsclientesApplication   : The following 1 profile is active: "dev"
2026-02-24T12:35:48.254-03:00  INFO 27900 --- [msclientes] [restartedMain] .s.d.r.c.RepositoryConfigurationDelegate : Bootstrapping Spring Data JPA repositories in DEFAULT mode.
2026-02-24T12:35:48.268-03:00  INFO 27900 --- [msclientes] [restartedMain] .s.d.r.c.RepositoryConfigurationDelegate : Finished Spring Data repository scanning in 12 ms. Found 1 JPA repository interface.
2026-02-24T12:35:48.322-03:00  INFO 27900 --- [msclientes] [restartedMain] o.s.cloud.context.scope.GenericScope     : BeanFactory id=c7cb2986-686f-38aa-b4d5-7430f74c9a45
2026-02-24T12:35:48.353-03:00  INFO 27900 --- [msclientes] [restartedMain] o.s.boot.tomcat.TomcatWebServer          : Tomcat initialized with port 0 (http)
2026-02-24T12:35:48.354-03:00  INFO 27900 --- [msclientes] [restartedMain] o.apache.catalina.core.StandardService   : Starting service [Tomcat]
2026-02-24T12:35:48.354-03:00  INFO 27900 --- [msclientes] [restartedMain] o.apache.catalina.core.StandardEngine    : Starting Servlet engine: [Apache Tomcat/11.0.15]
2026-02-24T12:35:48.378-03:00  INFO 27900 --- [msclientes] [restartedMain] b.w.c.s.WebApplicationContextInitializer : Root WebApplicationContext: initialization completed in 319 ms
2026-02-24T12:35:48.423-03:00  INFO 27900 --- [msclientes] [restartedMain] org.hibernate.orm.jpa                    : HHH008540: Processing PersistenceUnitInfo [name: default]
2026-02-24T12:35:48.445-03:00  INFO 27900 --- [msclientes] [restartedMain] o.s.o.j.p.SpringPersistenceUnitInfo      : No LoadTimeWeaver setup: ignoring JPA class transformer
2026-02-24T12:35:48.446-03:00  INFO 27900 --- [msclientes] [restartedMain] com.zaxxer.hikari.HikariDataSource       : HikariPool-5 - Starting...
2026-02-24T12:35:48.448-03:00  INFO 27900 --- [msclientes] [restartedMain] com.zaxxer.hikari.pool.HikariPool        : HikariPool-5 - Added connection conn40: url=jdbc:h2:mem:dbinmemory user=SA
2026-02-24T12:35:48.448-03:00  INFO 27900 --- [msclientes] [restartedMain] com.zaxxer.hikari.HikariDataSource       : HikariPool-5 - Start completed.
2026-02-24T12:35:48.448-03:00  INFO 27900 --- [msclientes] [restartedMain] org.hibernate.orm.connections.pooling    : HHH10001005: Database info:
	Database JDBC URL [jdbc:h2:mem:dbinmemory]
	Database driver: H2 JDBC Driver
	Database dialect: H2Dialect
	Database version: 2.4.240
	Default catalog/schema: DBINMEMORY/PUBLIC
	Autocommit mode: undefined/unknown
	Isolation level: READ_COMMITTED [default READ_COMMITTED]
	JDBC fetch size: 100
	Pool: DataSourceConnectionProvider
	Minimum pool size: undefined/unknown
	Maximum pool size: undefined/unknown
2026-02-24T12:35:48.477-03:00  INFO 27900 --- [msclientes] [restartedMain] org.hibernate.orm.core                   : HHH000489: No JTA platform available (set 'hibernate.transaction.jta.platform' to enable JTA platform integration)
2026-02-24T12:35:48.480-03:00  INFO 27900 --- [msclientes] [restartedMain] j.LocalContainerEntityManagerFactoryBean : Initialized JPA EntityManagerFactory for persistence unit 'default'
2026-02-24T12:35:48.520-03:00  WARN 27900 --- [msclientes] [restartedMain] JpaBaseConfiguration$JpaWebConfiguration : spring.jpa.open-in-view is enabled by default. Therefore, database queries may be performed during view rendering. Explicitly configure spring.jpa.open-in-view to disable this warning
2026-02-24T12:35:48.608-03:00  INFO 27900 --- [msclientes] [restartedMain] DiscoveryClientOptionalArgsConfiguration : Eureka HTTP Client uses RestClient.
2026-02-24T12:35:48.616-03:00  WARN 27900 --- [msclientes] [restartedMain] iguration$LoadBalancerCaffeineWarnLogger : Spring Cloud LoadBalancer is currently working with the default cache. While this cache implementation is useful for development and tests, it's recommended to use Caffeine cache in production.You can switch to using Caffeine cache, by adding it and org.springframework.cache.caffeine.CaffeineCacheManager to the classpath.
2026-02-24T12:35:48.617-03:00  INFO 27900 --- [msclientes] [restartedMain] o.s.b.a.e.web.EndpointLinksResolver      : Exposing 17 endpoints beneath base path '/actuator'
2026-02-24T12:35:48.626-03:00  INFO 27900 --- [msclientes] [restartedMain] o.s.boot.tomcat.TomcatWebServer          : Tomcat started on port 59332 (http) with context path '/'
2026-02-24T12:35:48.627-03:00  INFO 27900 --- [msclientes] [restartedMain] .s.c.n.e.s.EurekaAutoServiceRegistration : Updating port to 59332
2026-02-24T12:35:48.627-03:00  INFO 27900 --- [msclientes] [restartedMain] o.s.c.n.eureka.InstanceInfoFactory       : Setting initial instance status as: STARTING
2026-02-24T12:35:48.629-03:00  INFO 27900 --- [msclientes] [restartedMain] com.netflix.discovery.DiscoveryClient    : Initializing Eureka in region us-east-1
2026-02-24T12:35:48.629-03:00  INFO 27900 --- [msclientes] [restartedMain] c.n.d.s.r.aws.ConfigClusterResolver      : Resolving eureka endpoints via configuration
2026-02-24T12:35:48.629-03:00  INFO 27900 --- [msclientes] [restartedMain] com.netflix.discovery.DiscoveryClient    : Disable delta property : false
2026-02-24T12:35:48.629-03:00  INFO 27900 --- [msclientes] [restartedMain] com.netflix.discovery.DiscoveryClient    : Single vip registry refresh property : null
2026-02-24T12:35:48.629-03:00  INFO 27900 --- [msclientes] [restartedMain] com.netflix.discovery.DiscoveryClient    : Force full registry fetch : false
2026-02-24T12:35:48.629-03:00  INFO 27900 --- [msclientes] [restartedMain] com.netflix.discovery.DiscoveryClient    : Application is null : false
2026-02-24T12:35:48.629-03:00  INFO 27900 --- [msclientes] [restartedMain] com.netflix.discovery.DiscoveryClient    : Registered Applications size is zero : true
2026-02-24T12:35:48.629-03:00  INFO 27900 --- [msclientes] [restartedMain] com.netflix.discovery.DiscoveryClient    : Application version is -1: true
2026-02-24T12:35:48.629-03:00  INFO 27900 --- [msclientes] [restartedMain] com.netflix.discovery.DiscoveryClient    : Getting all instance registry info from the eureka server
2026-02-24T12:35:48.693-03:00  INFO 27900 --- [msclientes] [restartedMain] com.netflix.discovery.DiscoveryClient    : The response status is 200
2026-02-24T12:35:48.693-03:00  INFO 27900 --- [msclientes] [restartedMain] com.netflix.discovery.DiscoveryClient    : Starting heartbeat executor: renew interval is: 30
2026-02-24T12:35:48.694-03:00  INFO 27900 --- [msclientes] [restartedMain] c.n.discovery.InstanceInfoReplicator     : InstanceInfoReplicator onDemand update allowed rate per min is 4
2026-02-24T12:35:48.694-03:00  INFO 27900 --- [msclientes] [restartedMain] com.netflix.discovery.DiscoveryClient    : Discovery Client initialized at timestamp 1771947348694 with initial instances count: 4
2026-02-24T12:35:48.694-03:00  INFO 27900 --- [msclientes] [restartedMain] o.s.c.n.e.s.EurekaServiceRegistry        : Registering application MSCLIENTES with eureka with status UP
2026-02-24T12:35:48.694-03:00  INFO 27900 --- [msclientes] [restartedMain] com.netflix.discovery.DiscoveryClient    : Saw local status change event StatusChangeEvent [timestamp=1771947348694, current=UP, previous=STARTING]
2026-02-24T12:35:48.694-03:00  INFO 27900 --- [msclientes] [DiscoveryClient-InstanceInfoReplicator-%d] com.netflix.discovery.DiscoveryClient    : DiscoveryClient_MSCLIENTES/msclientes:3ac07a3849ac1e901e79c370b52dfe5c: registering service...
2026-02-24T12:35:48.699-03:00  INFO 27900 --- [msclientes] [restartedMain] c.g.d.msclientes.MsclientesApplication   : Started MsclientesApplication in 0.672 seconds (process running for 485.699)
2026-02-24T12:35:48.700-03:00  INFO 27900 --- [msclientes] [restartedMain] .ConditionEvaluationDeltaLoggingListener : Condition evaluation unchanged
2026-02-24T12:35:48.755-03:00  INFO 27900 --- [msclientes] [DiscoveryClient-InstanceInfoReplicator-%d] com.netflix.discovery.DiscoveryClient    : DiscoveryClient_MSCLIENTES/msclientes:3ac07a3849ac1e901e79c370b52dfe5c - registration status: 204
2026-02-24T12:36:49.358-03:00  INFO 27900 --- [msclientes] [http-nio-auto-5-exec-1] o.a.c.c.C.[Tomcat].[localhost].[/]       : Initializing Spring DispatcherServlet 'dispatcherServlet'
2026-02-24T12:36:49.358-03:00  INFO 27900 --- [msclientes] [http-nio-auto-5-exec-1] o.s.web.servlet.DispatcherServlet        : Initializing Servlet 'dispatcherServlet'
2026-02-24T12:36:49.359-03:00  INFO 27900 --- [msclientes] [http-nio-auto-5-exec-1] o.s.web.servlet.DispatcherServlet        : Completed initialization in 1 ms
2026-02-24T12:37:00.218-03:00  INFO 27900 --- [msclientes] [SpringApplicationShutdownHook] o.s.c.n.e.s.EurekaServiceRegistry        : Unregistering application MSCLIENTES with eureka with status DOWN
2026-02-24T12:37:00.218-03:00  INFO 27900 --- [msclientes] [SpringApplicationShutdownHook] com.netflix.discovery.DiscoveryClient    : Saw local status change event StatusChangeEvent [timestamp=1771947420218, current=DOWN, previous=UP]
2026-02-24T12:37:00.219-03:00  INFO 27900 --- [msclientes] [DiscoveryClient-InstanceInfoReplicator-%d] com.netflix.discovery.DiscoveryClient    : DiscoveryClient_MSCLIENTES/msclientes:3ac07a3849ac1e901e79c370b52dfe5c: registering service...
2026-02-24T12:37:00.219-03:00  INFO 27900 --- [msclientes] [SpringApplicationShutdownHook] o.s.boot.tomcat.GracefulShutdown         : Commencing graceful shutdown. Waiting for active requests to complete
2026-02-24T12:37:00.222-03:00  INFO 27900 --- [msclientes] [tomcat-shutdown] o.s.boot.tomcat.GracefulShutdown         : Graceful shutdown complete
2026-02-24T12:37:00.224-03:00  INFO 27900 --- [msclientes] [SpringApplicationShutdownHook] j.LocalContainerEntityManagerFactoryBean : Closing JPA EntityManagerFactory for persistence unit 'default'
2026-02-24T12:37:00.224-03:00  WARN 27900 --- [msclientes] [SpringApplicationShutdownHook] o.s.b.f.support.DisposableBeanAdapter    : Invocation of destroy method failed on bean with name 'inMemoryDatabaseShutdownExecutor': org.h2.jdbc.JdbcSQLNonTransientConnectionException: Database is already closed (to disable automatic closing at VM shutdown, add ";DB_CLOSE_ON_EXIT=FALSE" to the db URL) [90121-240]
2026-02-24T12:37:00.224-03:00  INFO 27900 --- [msclientes] [SpringApplicationShutdownHook] com.zaxxer.hikari.HikariDataSource       : HikariPool-5 - Shutdown initiated...
2026-02-24T12:37:00.225-03:00  INFO 27900 --- [msclientes] [SpringApplicationShutdownHook] com.zaxxer.hikari.HikariDataSource       : HikariPool-5 - Shutdown completed.
2026-02-24T12:37:00.225-03:00  INFO 27900 --- [msclientes] [SpringApplicationShutdownHook] com.netflix.discovery.DiscoveryClient    : Shutting down DiscoveryClient ...
2026-02-24T12:37:00.275-03:00  INFO 27900 --- [msclientes] [DiscoveryClient-InstanceInfoReplicator-%d] com.netflix.discovery.DiscoveryClient    : DiscoveryClient_MSCLIENTES/msclientes:3ac07a3849ac1e901e79c370b52dfe5c - registration status: 204
2026-02-24T12:37:00.276-03:00  INFO 27900 --- [msclientes] [SpringApplicationShutdownHook] com.netflix.discovery.DiscoveryClient    : Unregistering ...
2026-02-24T12:37:00.331-03:00  INFO 27900 --- [msclientes] [SpringApplicationShutdownHook] com.netflix.discovery.DiscoveryClient    : DiscoveryClient_MSCLIENTES/msclientes:3ac07a3849ac1e901e79c370b52dfe5c - deregister  status: 200
2026-02-24T12:37:00.332-03:00  INFO 27900 --- [msclientes] [SpringApplicationShutdownHook] com.netflix.discovery.DiscoveryClient    : Completed shut down of DiscoveryClient
2026-02-24T12:37:05.123-03:00  INFO 29300 --- [msclientes] [restartedMain] c.g.d.msclientes.MsclientesApplication   : Starting MsclientesApplication using Java 21.0.7 with PID 29300 (C:\Users\joanb\OneDrive\Área de Trabalho\Projetos\microservicos\msclientes\target\classes started by joanb in C:\Users\joanb\OneDrive\Área de Trabalho\Projetos\microservicos\msclientes)
2026-02-24T12:37:05.126-03:00  INFO 29300 --- [msclientes] [restartedMain] c.g.d.msclientes.MsclientesApplication   : The following 1 profile is active: "dev"
2026-02-24T12:37:05.178-03:00  INFO 29300 --- [msclientes] [restartedMain] .e.DevToolsPropertyDefaultsPostProcessor : Devtools property defaults active! Set 'spring.devtools.add-properties' to 'false' to disable
2026-02-24T12:37:05.178-03:00  INFO 29300 --- [msclientes] [restartedMain] .e.DevToolsPropertyDefaultsPostProcessor : For additional web related logging consider setting the 'logging.level.web' property to 'DEBUG'
2026-02-24T12:37:06.073-03:00  WARN 29300 --- [msclientes] [restartedMain] ConfigServletWebServerApplicationContext : Exception encountered during context initialization - cancelling refresh attempt: java.lang.IllegalStateException: Error processing condition on org.springdoc.webmvc.ui.SwaggerConfig.swaggerWelcome
2026-02-24T12:37:06.080-03:00  INFO 29300 --- [msclientes] [restartedMain] .s.b.a.l.ConditionEvaluationReportLogger : 

Error starting ApplicationContext. To display the condition evaluation report re-run your application with 'debug' enabled.
2026-02-24T12:37:06.103-03:00 ERROR 29300 --- [msclientes] [restartedMain] o.s.boot.SpringApplication               : Application run failed

java.lang.IllegalStateException: Error processing condition on org.springdoc.webmvc.ui.SwaggerConfig.swaggerWelcome
	at org.springframework.boot.autoconfigure.condition.SpringBootCondition.matches(SpringBootCondition.java:60) ~[spring-boot-autoconfigure-4.0.1.jar:4.0.1]
	at org.springframework.context.annotation.ConditionEvaluator.shouldSkip(ConditionEvaluator.java:100) ~[spring-context-7.0.2.jar:7.0.2]
	at org.springframework.context.annotation.ConfigurationClassBeanDefinitionReader.loadBeanDefinitionsForBeanMethod(ConfigurationClassBeanDefinitionReader.java:196) ~[spring-context-7.0.2.jar:7.0.2]
	at org.springframework.context.annotation.ConfigurationClassBeanDefinitionReader.loadBeanDefinitionsForConfigurationClass(ConfigurationClassBeanDefinitionReader.java:148) ~[spring-context-7.0.2.jar:7.0.2]
	at org.springframework.context.annotation.ConfigurationClassBeanDefinitionReader.loadBeanDefinitions(ConfigurationClassBeanDefinitionReader.java:124) ~[spring-context-7.0.2.jar:7.0.2]
	at org.springframework.context.annotation.ConfigurationClassPostProcessor.processConfigBeanDefinitions(ConfigurationClassPostProcessor.java:458) ~[spring-context-7.0.2.jar:7.0.2]
	at org.springframework.context.annotation.ConfigurationClassPostProcessor.postProcessBeanDefinitionRegistry(ConfigurationClassPostProcessor.java:310) ~[spring-context-7.0.2.jar:7.0.2]
	at org.springframework.context.support.PostProcessorRegistrationDelegate.invokeBeanDefinitionRegistryPostProcessors(PostProcessorRegistrationDelegate.java:349) ~[spring-context-7.0.2.jar:7.0.2]
	at org.springframework.context.support.PostProcessorRegistrationDelegate.invokeBeanFactoryPostProcessors(PostProcessorRegistrationDelegate.java:118) ~[spring-context-7.0.2.jar:7.0.2]
	at org.springframework.context.support.AbstractApplicationContext.invokeBeanFactoryPostProcessors(AbstractApplicationContext.java:794) ~[spring-context-7.0.2.jar:7.0.2]
	at org.springframework.context.support.AbstractApplicationContext.refresh(AbstractApplicationContext.java:602) ~[spring-context-7.0.2.jar:7.0.2]
	at org.springframework.boot.web.server.servlet.context.ServletWebServerApplicationContext.refresh(ServletWebServerApplicationContext.java:143) ~[spring-boot-web-server-4.0.1.jar:4.0.1]
	at org.springframework.boot.SpringApplication.refresh(SpringApplication.java:756) ~[spring-boot-4.0.1.jar:4.0.1]
	at org.springframework.boot.SpringApplication.refreshContext(SpringApplication.java:445) ~[spring-boot-4.0.1.jar:4.0.1]
	at org.springframework.boot.SpringApplication.run(SpringApplication.java:321) ~[spring-boot-4.0.1.jar:4.0.1]
	at org.springframework.boot.SpringApplication.run(SpringApplication.java:1365) ~[spring-boot-4.0.1.jar:4.0.1]
	at org.springframework.boot.SpringApplication.run(SpringApplication.java:1354) ~[spring-boot-4.0.1.jar:4.0.1]
	at com.github.dev_emanuelpereira.msclientes.MsclientesApplication.main(MsclientesApplication.java:12) ~[classes/:na]
	at java.base/jdk.internal.reflect.DirectMethodHandleAccessor.invoke(DirectMethodHandleAccessor.java:103) ~[na:na]
	at java.base/java.lang.reflect.Method.invoke(Method.java:580) ~[na:na]
	at org.springframework.boot.devtools.restart.RestartLauncher.run(RestartLauncher.java:52) ~[spring-boot-devtools-4.0.1.jar:4.0.1]
Caused by: java.lang.IllegalStateException: @ConditionalOnMissingBean did not specify a bean using type, name or annotation and the attempt to deduce the bean's type failed
	at org.springframework.boot.autoconfigure.condition.OnBeanCondition$Spec.validate(OnBeanCondition.java:654) ~[spring-boot-autoconfigure-4.0.1.jar:4.0.1]
	at org.springframework.boot.autoconfigure.condition.OnBeanCondition$Spec.<init>(OnBeanCondition.java:600) ~[spring-boot-autoconfigure-4.0.1.jar:4.0.1]
	at org.springframework.boot.autoconfigure.condition.OnBeanCondition.getMatchOutcome(OnBeanCondition.java:147) ~[spring-boot-autoconfigure-4.0.1.jar:4.0.1]
	at org.springframework.boot.autoconfigure.condition.SpringBootCondition.matches(SpringBootCondition.java:47) ~[spring-boot-autoconfigure-4.0.1.jar:4.0.1]
	... 20 common frames omitted
Caused by: org.springframework.boot.autoconfigure.condition.OnBeanCondition$BeanTypeDeductionException: Failed to deduce bean type for org.springdoc.webmvc.ui.SwaggerConfig.swaggerWelcome
	at org.springframework.boot.autoconfigure.condition.OnBeanCondition$Spec.deducedBeanTypeForBeanMethod(OnBeanCondition.java:683) ~[spring-boot-autoconfigure-4.0.1.jar:4.0.1]
	at org.springframework.boot.autoconfigure.condition.OnBeanCondition$Spec.deducedBeanType(OnBeanCondition.java:673) ~[spring-boot-autoconfigure-4.0.1.jar:4.0.1]
	at org.springframework.boot.autoconfigure.condition.OnBeanCondition$Spec.<init>(OnBeanCondition.java:593) ~[spring-boot-autoconfigure-4.0.1.jar:4.0.1]
	... 22 common frames omitted
Caused by: java.lang.IllegalStateException: Failed to introspect Class [org.springdoc.webmvc.ui.SwaggerConfig] from ClassLoader [jdk.internal.loader.ClassLoaders$AppClassLoader@76ed5528]
	at org.springframework.util.ReflectionUtils.getDeclaredMethods(ReflectionUtils.java:483) ~[spring-core-7.0.2.jar:7.0.2]
	at org.springframework.util.ReflectionUtils.findMethod(ReflectionUtils.java:240) ~[spring-core-7.0.2.jar:7.0.2]
	at org.springframework.util.ReflectionUtils.findMethod(ReflectionUtils.java:221) ~[spring-core-7.0.2.jar:7.0.2]
	at org.springframework.boot.autoconfigure.condition.OnBeanCondition$Spec.findBeanMethod(OnBeanCondition.java:712) ~[spring-boot-autoconfigure-4.0.1.jar:4.0.1]
	at org.springframework.boot.autoconfigure.condition.OnBeanCondition$Spec.getMethodReturnType(OnBeanCondition.java:707) ~[spring-boot-autoconfigure-4.0.1.jar:4.0.1]
	at org.springframework.boot.autoconfigure.condition.OnBeanCondition$Spec.getReturnType(OnBeanCondition.java:691) ~[spring-boot-autoconfigure-4.0.1.jar:4.0.1]
	at org.springframework.boot.autoconfigure.condition.OnBeanCondition$Spec.deducedBeanTypeForBeanMethod(OnBeanCondition.java:680) ~[spring-boot-autoconfigure-4.0.1.jar:4.0.1]
	... 24 common frames omitted
Caused by: java.lang.NoClassDefFoundError: org/springframework/boot/autoconfigure/web/servlet/WebMvcProperties
	at java.base/java.lang.Class.getDeclaredMethods0(Native Method) ~[na:na]
	at java.base/java.lang.Class.privateGetDeclaredMethods(Class.java:3578) ~[na:na]
	at java.base/java.lang.Class.getDeclaredMethods(Class.java:2676) ~[na:na]
	at org.springframework.util.ReflectionUtils.getDeclaredMethods(ReflectionUtils.java:465) ~[spring-core-7.0.2.jar:7.0.2]
	... 30 common frames omitted
Caused by: java.lang.ClassNotFoundException: org.springframework.boot.autoconfigure.web.servlet.WebMvcProperties
	at java.base/jdk.internal.loader.BuiltinClassLoader.loadClass(BuiltinClassLoader.java:641) ~[na:na]
	at java.base/jdk.internal.loader.ClassLoaders$AppClassLoader.loadClass(ClassLoaders.java:188) ~[na:na]
	at java.base/java.lang.ClassLoader.loadClass(ClassLoader.java:526) ~[na:na]
	... 34 common frames omitted

2026-02-24T12:37:56.600-03:00  INFO 2500 --- [msclientes] [restartedMain] c.g.d.msclientes.MsclientesApplication   : Starting MsclientesApplication using Java 21.0.7 with PID 2500 (C:\Users\joanb\OneDrive\Área de Trabalho\Projetos\microservicos\msclientes\target\classes started by joanb in C:\Users\joanb\OneDrive\Área de Trabalho\Projetos\microservicos\msclientes)
2026-02-24T12:37:56.606-03:00  INFO 2500 --- [msclientes] [restartedMain] c.g.d.msclientes.MsclientesApplication   : The following 1 profile is active: "dev"
2026-02-24T12:37:56.655-03:00  INFO 2500 --- [msclientes] [restartedMain] .e.DevToolsPropertyDefaultsPostProcessor : Devtools property defaults active! Set 'spring.devtools.add-properties' to 'false' to disable
2026-02-24T12:37:56.656-03:00  INFO 2500 --- [msclientes] [restartedMain] .e.DevToolsPropertyDefaultsPostProcessor : For additional web related logging consider setting the 'logging.level.web' property to 'DEBUG'
2026-02-24T12:37:57.484-03:00  INFO 2500 --- [msclientes] [restartedMain] .s.d.r.c.RepositoryConfigurationDelegate : Bootstrapping Spring Data JPA repositories in DEFAULT mode.
2026-02-24T12:37:57.582-03:00  INFO 2500 --- [msclientes] [restartedMain] .s.d.r.c.RepositoryConfigurationDelegate : Finished Spring Data repository scanning in 90 ms. Found 1 JPA repository interface.
2026-02-24T12:37:57.832-03:00  INFO 2500 --- [msclientes] [restartedMain] o.s.cloud.context.scope.GenericScope     : BeanFactory id=f0b38621-203a-327d-a4ae-1e4c2e6daff1
2026-02-24T12:37:58.354-03:00  INFO 2500 --- [msclientes] [restartedMain] o.s.boot.tomcat.TomcatWebServer          : Tomcat initialized with port 0 (http)
2026-02-24T12:37:58.375-03:00  INFO 2500 --- [msclientes] [restartedMain] o.apache.catalina.core.StandardService   : Starting service [Tomcat]
2026-02-24T12:37:58.375-03:00  INFO 2500 --- [msclientes] [restartedMain] o.apache.catalina.core.StandardEngine    : Starting Servlet engine: [Apache Tomcat/11.0.15]
2026-02-24T12:37:58.439-03:00  INFO 2500 --- [msclientes] [restartedMain] b.w.c.s.WebApplicationContextInitializer : Root WebApplicationContext: initialization completed in 1782 ms
2026-02-24T12:37:59.020-03:00  INFO 2500 --- [msclientes] [restartedMain] org.hibernate.orm.jpa                    : HHH008540: Processing PersistenceUnitInfo [name: default]
2026-02-24T12:37:59.119-03:00  INFO 2500 --- [msclientes] [restartedMain] org.hibernate.orm.core                   : HHH000001: Hibernate ORM core version 7.2.0.Final
2026-02-24T12:37:59.595-03:00  INFO 2500 --- [msclientes] [restartedMain] o.s.o.j.p.SpringPersistenceUnitInfo      : No LoadTimeWeaver setup: ignoring JPA class transformer
2026-02-24T12:37:59.618-03:00  INFO 2500 --- [msclientes] [restartedMain] com.zaxxer.hikari.HikariDataSource       : HikariPool-1 - Starting...
2026-02-24T12:37:59.748-03:00  INFO 2500 --- [msclientes] [restartedMain] com.zaxxer.hikari.pool.HikariPool        : HikariPool-1 - Added connection conn0: url=jdbc:h2:mem:dbinmemory user=SA
2026-02-24T12:37:59.750-03:00  INFO 2500 --- [msclientes] [restartedMain] com.zaxxer.hikari.HikariDataSource       : HikariPool-1 - Start completed.
2026-02-24T12:37:59.800-03:00  INFO 2500 --- [msclientes] [restartedMain] org.hibernate.orm.connections.pooling    : HHH10001005: Database info:
	Database JDBC URL [jdbc:h2:mem:dbinmemory]
	Database driver: H2 JDBC Driver
	Database dialect: H2Dialect
	Database version: 2.4.240
	Default catalog/schema: DBINMEMORY/PUBLIC
	Autocommit mode: undefined/unknown
	Isolation level: READ_COMMITTED [default READ_COMMITTED]
	JDBC fetch size: 100
	Pool: DataSourceConnectionProvider
	Minimum pool size: undefined/unknown
	Maximum pool size: undefined/unknown
2026-02-24T12:38:00.393-03:00  INFO 2500 --- [msclientes] [restartedMain] org.hibernate.orm.core                   : HHH000489: No JTA platform available (set 'hibernate.transaction.jta.platform' to enable JTA platform integration)
2026-02-24T12:38:00.434-03:00  INFO 2500 --- [msclientes] [restartedMain] j.LocalContainerEntityManagerFactoryBean : Initialized JPA EntityManagerFactory for persistence unit 'default'
2026-02-24T12:38:00.519-03:00  INFO 2500 --- [msclientes] [restartedMain] o.s.d.j.r.query.QueryEnhancerFactories   : Hibernate is in classpath; If applicable, HQL parser will be used.
2026-02-24T12:38:00.775-03:00  WARN 2500 --- [msclientes] [restartedMain] JpaBaseConfiguration$JpaWebConfiguration : spring.jpa.open-in-view is enabled by default. Therefore, database queries may be performed during view rendering. Explicitly configure spring.jpa.open-in-view to disable this warning
2026-02-24T12:38:00.840-03:00  INFO 2500 --- [msclientes] [restartedMain] o.s.v.b.OptionalValidatorFactoryBean     : Failed to set up a Bean Validation provider: jakarta.validation.NoProviderFoundException: Unable to create a Configuration, because no Jakarta Validation provider could be found. Add a provider like Hibernate Validator (RI) to your classpath.
2026-02-24T12:38:01.400-03:00  INFO 2500 --- [msclientes] [restartedMain] DiscoveryClientOptionalArgsConfiguration : Eureka HTTP Client uses RestClient.
2026-02-24T12:38:01.429-03:00  WARN 2500 --- [msclientes] [restartedMain] iguration$LoadBalancerCaffeineWarnLogger : Spring Cloud LoadBalancer is currently working with the default cache. While this cache implementation is useful for development and tests, it's recommended to use Caffeine cache in production.You can switch to using Caffeine cache, by adding it and org.springframework.cache.caffeine.CaffeineCacheManager to the classpath.
2026-02-24T12:38:01.439-03:00  INFO 2500 --- [msclientes] [restartedMain] o.s.b.a.e.web.EndpointLinksResolver      : Exposing 17 endpoints beneath base path '/actuator'
2026-02-24T12:38:01.522-03:00  INFO 2500 --- [msclientes] [restartedMain] o.s.boot.tomcat.TomcatWebServer          : Tomcat started on port 63771 (http) with context path '/'
2026-02-24T12:38:01.524-03:00  INFO 2500 --- [msclientes] [restartedMain] .s.c.n.e.s.EurekaAutoServiceRegistration : Updating port to 63771
2026-02-24T12:38:01.534-03:00  INFO 2500 --- [msclientes] [restartedMain] o.s.c.n.eureka.InstanceInfoFactory       : Setting initial instance status as: STARTING
2026-02-24T12:38:01.550-03:00  INFO 2500 --- [msclientes] [restartedMain] com.netflix.discovery.DiscoveryClient    : Initializing Eureka in region us-east-1
2026-02-24T12:38:01.554-03:00  INFO 2500 --- [msclientes] [restartedMain] c.n.d.s.r.aws.ConfigClusterResolver      : Resolving eureka endpoints via configuration
2026-02-24T12:38:01.560-03:00  INFO 2500 --- [msclientes] [restartedMain] com.netflix.discovery.DiscoveryClient    : Disable delta property : false
2026-02-24T12:38:01.561-03:00  INFO 2500 --- [msclientes] [restartedMain] com.netflix.discovery.DiscoveryClient    : Single vip registry refresh property : null
2026-02-24T12:38:01.561-03:00  INFO 2500 --- [msclientes] [restartedMain] com.netflix.discovery.DiscoveryClient    : Force full registry fetch : false
2026-02-24T12:38:01.561-03:00  INFO 2500 --- [msclientes] [restartedMain] com.netflix.discovery.DiscoveryClient    : Application is null : false
2026-02-24T12:38:01.561-03:00  INFO 2500 --- [msclientes] [restartedMain] com.netflix.discovery.DiscoveryClient    : Registered Applications size is zero : true
2026-02-24T12:38:01.561-03:00  INFO 2500 --- [msclientes] [restartedMain] com.netflix.discovery.DiscoveryClient    : Application version is -1: true
2026-02-24T12:38:01.561-03:00  INFO 2500 --- [msclientes] [restartedMain] com.netflix.discovery.DiscoveryClient    : Getting all instance registry info from the eureka server
2026-02-24T12:38:01.919-03:00  INFO 2500 --- [msclientes] [restartedMain] com.netflix.discovery.DiscoveryClient    : The response status is 200
2026-02-24T12:38:01.921-03:00  INFO 2500 --- [msclientes] [restartedMain] com.netflix.discovery.DiscoveryClient    : Starting heartbeat executor: renew interval is: 30
2026-02-24T12:38:01.922-03:00  INFO 2500 --- [msclientes] [restartedMain] c.n.discovery.InstanceInfoReplicator     : InstanceInfoReplicator onDemand update allowed rate per min is 4
2026-02-24T12:38:01.924-03:00  INFO 2500 --- [msclientes] [restartedMain] com.netflix.discovery.DiscoveryClient    : Discovery Client initialized at timestamp 1771947481924 with initial instances count: 3
2026-02-24T12:38:01.927-03:00  INFO 2500 --- [msclientes] [restartedMain] o.s.c.n.e.s.EurekaServiceRegistry        : Registering application MSCLIENTES with eureka with status UP
2026-02-24T12:38:01.928-03:00  INFO 2500 --- [msclientes] [restartedMain] com.netflix.discovery.DiscoveryClient    : Saw local status change event StatusChangeEvent [timestamp=1771947481928, current=UP, previous=STARTING]
2026-02-24T12:38:01.929-03:00  INFO 2500 --- [msclientes] [DiscoveryClient-InstanceInfoReplicator-%d] com.netflix.discovery.DiscoveryClient    : DiscoveryClient_MSCLIENTES/msclientes:43b27a2be37228a8ffbaaf2b9bb359a2: registering service...
2026-02-24T12:38:01.938-03:00  INFO 2500 --- [msclientes] [restartedMain] c.g.d.msclientes.MsclientesApplication   : Started MsclientesApplication in 5.765 seconds (process running for 6.388)
2026-02-24T12:38:02.014-03:00  INFO 2500 --- [msclientes] [DiscoveryClient-InstanceInfoReplicator-%d] com.netflix.discovery.DiscoveryClient    : DiscoveryClient_MSCLIENTES/msclientes:43b27a2be37228a8ffbaaf2b9bb359a2 - registration status: 204
2026-02-24T12:39:19.994-03:00  INFO 2500 --- [msclientes] [SpringApplicationShutdownHook] o.s.c.n.e.s.EurekaServiceRegistry        : Unregistering application MSCLIENTES with eureka with status DOWN
2026-02-24T12:39:19.994-03:00  INFO 2500 --- [msclientes] [SpringApplicationShutdownHook] com.netflix.discovery.DiscoveryClient    : Saw local status change event StatusChangeEvent [timestamp=1771947559994, current=DOWN, previous=UP]
2026-02-24T12:39:19.994-03:00  INFO 2500 --- [msclientes] [DiscoveryClient-InstanceInfoReplicator-%d] com.netflix.discovery.DiscoveryClient    : DiscoveryClient_MSCLIENTES/msclientes:43b27a2be37228a8ffbaaf2b9bb359a2: registering service...
2026-02-24T12:39:19.996-03:00  INFO 2500 --- [msclientes] [SpringApplicationShutdownHook] o.s.boot.tomcat.GracefulShutdown         : Commencing graceful shutdown. Waiting for active requests to complete
2026-02-24T12:39:20.000-03:00  INFO 2500 --- [msclientes] [tomcat-shutdown] o.s.boot.tomcat.GracefulShutdown         : Graceful shutdown complete
2026-02-24T12:39:20.005-03:00  INFO 2500 --- [msclientes] [SpringApplicationShutdownHook] j.LocalContainerEntityManagerFactoryBean : Closing JPA EntityManagerFactory for persistence unit 'default'
2026-02-24T12:39:20.010-03:00  WARN 2500 --- [msclientes] [SpringApplicationShutdownHook] o.s.b.f.support.DisposableBeanAdapter    : Invocation of destroy method failed on bean with name 'inMemoryDatabaseShutdownExecutor': org.h2.jdbc.JdbcSQLNonTransientConnectionException: Database is already closed (to disable automatic closing at VM shutdown, add ";DB_CLOSE_ON_EXIT=FALSE" to the db URL) [90121-240]
2026-02-24T12:39:20.011-03:00  INFO 2500 --- [msclientes] [SpringApplicationShutdownHook] com.zaxxer.hikari.HikariDataSource       : HikariPool-1 - Shutdown initiated...
2026-02-24T12:39:20.012-03:00  INFO 2500 --- [msclientes] [SpringApplicationShutdownHook] com.zaxxer.hikari.HikariDataSource       : HikariPool-1 - Shutdown completed.
2026-02-24T12:39:20.012-03:00  INFO 2500 --- [msclientes] [SpringApplicationShutdownHook] com.netflix.discovery.DiscoveryClient    : Shutting down DiscoveryClient ...
2026-02-24T12:39:20.056-03:00  INFO 2500 --- [msclientes] [DiscoveryClient-InstanceInfoReplicator-%d] com.netflix.discovery.DiscoveryClient    : DiscoveryClient_MSCLIENTES/msclientes:43b27a2be37228a8ffbaaf2b9bb359a2 - registration status: 204
2026-02-24T12:39:20.057-03:00  INFO 2500 --- [msclientes] [SpringApplicationShutdownHook] com.netflix.discovery.DiscoveryClient    : Unregistering ...
2026-02-24T12:39:20.112-03:00  INFO 2500 --- [msclientes] [SpringApplicationShutdownHook] com.netflix.discovery.DiscoveryClient    : DiscoveryClient_MSCLIENTES/msclientes:43b27a2be37228a8ffbaaf2b9bb359a2 - deregister  status: 200
2026-02-24T12:39:20.113-03:00  INFO 2500 --- [msclientes] [SpringApplicationShutdownHook] com.netflix.discovery.DiscoveryClient    : Completed shut down of DiscoveryClient
2026-02-24T12:39:22.092-03:00  INFO 20116 --- [msclientes] [restartedMain] c.g.d.msclientes.MsclientesApplication   : Starting MsclientesApplication using Java 21.0.7 with PID 20116 (C:\Users\joanb\OneDrive\Área de Trabalho\Projetos\microservicos\msclientes\target\classes started by joanb in C:\Users\joanb\OneDrive\Área de Trabalho\Projetos\microservicos\msclientes)
2026-02-24T12:39:22.096-03:00  INFO 20116 --- [msclientes] [restartedMain] c.g.d.msclientes.MsclientesApplication   : The following 1 profile is active: "dev"
2026-02-24T12:39:22.150-03:00  INFO 20116 --- [msclientes] [restartedMain] .e.DevToolsPropertyDefaultsPostProcessor : Devtools property defaults active! Set 'spring.devtools.add-properties' to 'false' to disable
2026-02-24T12:39:22.151-03:00  INFO 20116 --- [msclientes] [restartedMain] .e.DevToolsPropertyDefaultsPostProcessor : For additional web related logging consider setting the 'logging.level.web' property to 'DEBUG'
2026-02-24T12:39:22.970-03:00  INFO 20116 --- [msclientes] [restartedMain] .s.d.r.c.RepositoryConfigurationDelegate : Bootstrapping Spring Data JPA repositories in DEFAULT mode.
2026-02-24T12:39:23.065-03:00  INFO 20116 --- [msclientes] [restartedMain] .s.d.r.c.RepositoryConfigurationDelegate : Finished Spring Data repository scanning in 88 ms. Found 1 JPA repository interface.
2026-02-24T12:39:23.319-03:00  INFO 20116 --- [msclientes] [restartedMain] o.s.cloud.context.scope.GenericScope     : BeanFactory id=f0b38621-203a-327d-a4ae-1e4c2e6daff1
2026-02-24T12:39:23.844-03:00  INFO 20116 --- [msclientes] [restartedMain] o.s.boot.tomcat.TomcatWebServer          : Tomcat initialized with port 0 (http)
2026-02-24T12:39:23.855-03:00  INFO 20116 --- [msclientes] [restartedMain] o.apache.catalina.core.StandardService   : Starting service [Tomcat]
2026-02-24T12:39:23.855-03:00  INFO 20116 --- [msclientes] [restartedMain] o.apache.catalina.core.StandardEngine    : Starting Servlet engine: [Apache Tomcat/11.0.15]
2026-02-24T12:39:23.912-03:00  INFO 20116 --- [msclientes] [restartedMain] b.w.c.s.WebApplicationContextInitializer : Root WebApplicationContext: initialization completed in 1761 ms
2026-02-24T12:39:24.393-03:00  INFO 20116 --- [msclientes] [restartedMain] org.hibernate.orm.jpa                    : HHH008540: Processing PersistenceUnitInfo [name: default]
2026-02-24T12:39:24.519-03:00  INFO 20116 --- [msclientes] [restartedMain] org.hibernate.orm.core                   : HHH000001: Hibernate ORM core version 7.2.0.Final
2026-02-24T12:39:24.867-03:00  INFO 20116 --- [msclientes] [restartedMain] o.s.o.j.p.SpringPersistenceUnitInfo      : No LoadTimeWeaver setup: ignoring JPA class transformer
2026-02-24T12:39:24.888-03:00  INFO 20116 --- [msclientes] [restartedMain] com.zaxxer.hikari.HikariDataSource       : HikariPool-1 - Starting...
2026-02-24T12:39:24.998-03:00  INFO 20116 --- [msclientes] [restartedMain] com.zaxxer.hikari.pool.HikariPool        : HikariPool-1 - Added connection conn0: url=jdbc:h2:mem:dbinmemory user=SA
2026-02-24T12:39:25.000-03:00  INFO 20116 --- [msclientes] [restartedMain] com.zaxxer.hikari.HikariDataSource       : HikariPool-1 - Start completed.
2026-02-24T12:39:25.040-03:00  INFO 20116 --- [msclientes] [restartedMain] org.hibernate.orm.connections.pooling    : HHH10001005: Database info:
	Database JDBC URL [jdbc:h2:mem:dbinmemory]
	Database driver: H2 JDBC Driver
	Database dialect: H2Dialect
	Database version: 2.4.240
	Default catalog/schema: DBINMEMORY/PUBLIC
	Autocommit mode: undefined/unknown
	Isolation level: READ_COMMITTED [default READ_COMMITTED]
	JDBC fetch size: 100
	Pool: DataSourceConnectionProvider
	Minimum pool size: undefined/unknown
	Maximum pool size: undefined/unknown
2026-02-24T12:39:25.571-03:00  INFO 20116 --- [msclientes] [restartedMain] org.hibernate.orm.core                   : HHH000489: No JTA platform available (set 'hibernate.transaction.jta.platform' to enable JTA platform integration)
2026-02-24T12:39:25.617-03:00  INFO 20116 --- [msclientes] [restartedMain] j.LocalContainerEntityManagerFactoryBean : Initialized JPA EntityManagerFactory for persistence unit 'default'
2026-02-24T12:39:25.688-03:00  INFO 20116 --- [msclientes] [restartedMain] o.s.d.j.r.query.QueryEnhancerFactories   : Hibernate is in classpath; If applicable, HQL parser will be used.
2026-02-24T12:39:25.932-03:00  WARN 20116 --- [msclientes] [restartedMain] JpaBaseConfiguration$JpaWebConfiguration : spring.jpa.open-in-view is enabled by default. Therefore, database queries may be performed during view rendering. Explicitly configure spring.jpa.open-in-view to disable this warning
2026-02-24T12:39:25.972-03:00  INFO 20116 --- [msclientes] [restartedMain] o.s.v.b.OptionalValidatorFactoryBean     : Failed to set up a Bean Validation provider: jakarta.validation.NoProviderFoundException: Unable to create a Configuration, because no Jakarta Validation provider could be found. Add a provider like Hibernate Validator (RI) to your classpath.
2026-02-24T12:39:26.439-03:00  INFO 20116 --- [msclientes] [restartedMain] DiscoveryClientOptionalArgsConfiguration : Eureka HTTP Client uses RestClient.
2026-02-24T12:39:26.474-03:00  WARN 20116 --- [msclientes] [restartedMain] iguration$LoadBalancerCaffeineWarnLogger : Spring Cloud LoadBalancer is currently working with the default cache. While this cache implementation is useful for development and tests, it's recommended to use Caffeine cache in production.You can switch to using Caffeine cache, by adding it and org.springframework.cache.caffeine.CaffeineCacheManager to the classpath.
2026-02-24T12:39:26.480-03:00  INFO 20116 --- [msclientes] [restartedMain] o.s.b.a.e.web.EndpointLinksResolver      : Exposing 17 endpoints beneath base path '/actuator'
2026-02-24T12:39:26.567-03:00  INFO 20116 --- [msclientes] [restartedMain] o.s.boot.tomcat.TomcatWebServer          : Tomcat started on port 59301 (http) with context path '/'
2026-02-24T12:39:26.568-03:00  INFO 20116 --- [msclientes] [restartedMain] .s.c.n.e.s.EurekaAutoServiceRegistration : Updating port to 59301
2026-02-24T12:39:26.572-03:00  INFO 20116 --- [msclientes] [restartedMain] o.s.c.n.eureka.InstanceInfoFactory       : Setting initial instance status as: STARTING
2026-02-24T12:39:26.589-03:00  INFO 20116 --- [msclientes] [restartedMain] com.netflix.discovery.DiscoveryClient    : Initializing Eureka in region us-east-1
2026-02-24T12:39:26.592-03:00  INFO 20116 --- [msclientes] [restartedMain] c.n.d.s.r.aws.ConfigClusterResolver      : Resolving eureka endpoints via configuration
2026-02-24T12:39:26.600-03:00  INFO 20116 --- [msclientes] [restartedMain] com.netflix.discovery.DiscoveryClient    : Disable delta property : false
2026-02-24T12:39:26.600-03:00  INFO 20116 --- [msclientes] [restartedMain] com.netflix.discovery.DiscoveryClient    : Single vip registry refresh property : null
2026-02-24T12:39:26.600-03:00  INFO 20116 --- [msclientes] [restartedMain] com.netflix.discovery.DiscoveryClient    : Force full registry fetch : false
2026-02-24T12:39:26.600-03:00  INFO 20116 --- [msclientes] [restartedMain] com.netflix.discovery.DiscoveryClient    : Application is null : false
2026-02-24T12:39:26.600-03:00  INFO 20116 --- [msclientes] [restartedMain] com.netflix.discovery.DiscoveryClient    : Registered Applications size is zero : true
2026-02-24T12:39:26.600-03:00  INFO 20116 --- [msclientes] [restartedMain] com.netflix.discovery.DiscoveryClient    : Application version is -1: true
2026-02-24T12:39:26.601-03:00  INFO 20116 --- [msclientes] [restartedMain] com.netflix.discovery.DiscoveryClient    : Getting all instance registry info from the eureka server
2026-02-24T12:39:26.917-03:00  INFO 20116 --- [msclientes] [restartedMain] com.netflix.discovery.DiscoveryClient    : The response status is 200
2026-02-24T12:39:26.918-03:00  INFO 20116 --- [msclientes] [restartedMain] com.netflix.discovery.DiscoveryClient    : Starting heartbeat executor: renew interval is: 30
2026-02-24T12:39:26.919-03:00  INFO 20116 --- [msclientes] [restartedMain] c.n.discovery.InstanceInfoReplicator     : InstanceInfoReplicator onDemand update allowed rate per min is 4
2026-02-24T12:39:26.920-03:00  INFO 20116 --- [msclientes] [restartedMain] com.netflix.discovery.DiscoveryClient    : Discovery Client initialized at timestamp 1771947566920 with initial instances count: 4
2026-02-24T12:39:26.922-03:00  INFO 20116 --- [msclientes] [restartedMain] o.s.c.n.e.s.EurekaServiceRegistry        : Registering application MSCLIENTES with eureka with status UP
2026-02-24T12:39:26.923-03:00  INFO 20116 --- [msclientes] [restartedMain] com.netflix.discovery.DiscoveryClient    : Saw local status change event StatusChangeEvent [timestamp=1771947566923, current=UP, previous=STARTING]
2026-02-24T12:39:26.924-03:00  INFO 20116 --- [msclientes] [DiscoveryClient-InstanceInfoReplicator-%d] com.netflix.discovery.DiscoveryClient    : DiscoveryClient_MSCLIENTES/msclientes:5b96080d92cc4ea81710725535262f5d: registering service...
2026-02-24T12:39:26.934-03:00  INFO 20116 --- [msclientes] [restartedMain] c.g.d.msclientes.MsclientesApplication   : Started MsclientesApplication in 5.319 seconds (process running for 5.976)
2026-02-24T12:39:27.008-03:00  INFO 20116 --- [msclientes] [DiscoveryClient-InstanceInfoReplicator-%d] com.netflix.discovery.DiscoveryClient    : DiscoveryClient_MSCLIENTES/msclientes:5b96080d92cc4ea81710725535262f5d - registration status: 204
2026-02-24T12:39:34.744-03:00  INFO 20116 --- [msclientes] [http-nio-auto-1-exec-1] o.a.c.c.C.[Tomcat].[localhost].[/]       : Initializing Spring DispatcherServlet 'dispatcherServlet'
2026-02-24T12:39:34.744-03:00  INFO 20116 --- [msclientes] [http-nio-auto-1-exec-1] o.s.web.servlet.DispatcherServlet        : Initializing Servlet 'dispatcherServlet'
2026-02-24T12:39:34.745-03:00  INFO 20116 --- [msclientes] [http-nio-auto-1-exec-1] o.s.web.servlet.DispatcherServlet        : Completed initialization in 1 ms
2026-02-24T12:44:26.605-03:00  INFO 20116 --- [msclientes] [AsyncResolver-bootstrap-executor-%d] c.n.d.s.r.aws.ConfigClusterResolver      : Resolving eureka endpoints via configuration
2026-02-24T12:49:26.614-03:00  INFO 20116 --- [msclientes] [AsyncResolver-bootstrap-executor-%d] c.n.d.s.r.aws.ConfigClusterResolver      : Resolving eureka endpoints via configuration
2026-02-24T12:54:26.616-03:00  INFO 20116 --- [msclientes] [AsyncResolver-bootstrap-executor-%d] c.n.d.s.r.aws.ConfigClusterResolver      : Resolving eureka endpoints via configuration
2026-02-24T12:59:26.628-03:00  INFO 20116 --- [msclientes] [AsyncResolver-bootstrap-executor-%d] c.n.d.s.r.aws.ConfigClusterResolver      : Resolving eureka endpoints via configuration
2026-02-24T13:04:26.642-03:00  INFO 20116 --- [msclientes] [AsyncResolver-bootstrap-executor-%d] c.n.d.s.r.aws.ConfigClusterResolver      : Resolving eureka endpoints via configuration
2026-02-24T13:09:26.651-03:00  INFO 20116 --- [msclientes] [AsyncResolver-bootstrap-executor-%d] c.n.d.s.r.aws.ConfigClusterResolver      : Resolving eureka endpoints via configuration
2026-02-24T13:14:26.659-03:00  INFO 20116 --- [msclientes] [AsyncResolver-bootstrap-executor-%d] c.n.d.s.r.aws.ConfigClusterResolver      : Resolving eureka endpoints via configuration
2026-02-24T13:19:26.670-03:00  INFO 20116 --- [msclientes] [AsyncResolver-bootstrap-executor-%d] c.n.d.s.r.aws.ConfigClusterResolver      : Resolving eureka endpoints via configuration
2026-02-24T13:24:26.679-03:00  INFO 20116 --- [msclientes] [AsyncResolver-bootstrap-executor-%d] c.n.d.s.r.aws.ConfigClusterResolver      : Resolving eureka endpoints via configuration
2026-02-24T13:29:13.803-03:00  INFO 20116 --- [msclientes] [SpringApplicationShutdownHook] o.s.c.n.e.s.EurekaServiceRegistry        : Unregistering application MSCLIENTES with eureka with status DOWN
2026-02-24T13:29:13.803-03:00  INFO 20116 --- [msclientes] [SpringApplicationShutdownHook] com.netflix.discovery.DiscoveryClient    : Saw local status change event StatusChangeEvent [timestamp=1771950553803, current=DOWN, previous=UP]
2026-02-24T13:29:13.803-03:00  INFO 20116 --- [msclientes] [DiscoveryClient-InstanceInfoReplicator-%d] com.netflix.discovery.DiscoveryClient    : DiscoveryClient_MSCLIENTES/msclientes:5b96080d92cc4ea81710725535262f5d: registering service...
2026-02-24T13:29:13.808-03:00  INFO 20116 --- [msclientes] [SpringApplicationShutdownHook] o.s.boot.tomcat.GracefulShutdown         : Commencing graceful shutdown. Waiting for active requests to complete
2026-02-24T13:29:13.813-03:00  INFO 20116 --- [msclientes] [tomcat-shutdown] o.s.boot.tomcat.GracefulShutdown         : Graceful shutdown complete
2026-02-24T13:29:13.813-03:00  INFO 20116 --- [msclientes] [DiscoveryClient-InstanceInfoReplicator-%d] c.n.d.s.t.d.RedirectingEurekaHttpClient  : Request execution error. endpoint=DefaultEndpoint{ serviceUrl='http://eureka-user:aismdoiam12@localhost:8761/eureka/} exception=I/O error on POST request for "http://localhost:8761/eureka/apps/MSCLIENTES": Connect to http://localhost:8761 failed: Connection refused: getsockopt stacktrace=org.springframework.web.client.ResourceAccessException: I/O error on POST request for "http://localhost:8761/eureka/apps/MSCLIENTES": Connect to http://localhost:8761 failed: Connection refused: getsockopt
	at org.springframework.web.client.DefaultRestClient$DefaultRequestBodyUriSpec.createResourceAccessException(DefaultRestClient.java:763)
	at org.springframework.web.client.DefaultRestClient$DefaultRequestBodyUriSpec.exchangeInternal(DefaultRestClient.java:615)
	at org.springframework.web.client.DefaultRestClient$DefaultRequestBodyUriSpec.exchange(DefaultRestClient.java:567)
	at org.springframework.web.client.RestClient$RequestHeadersSpec.exchange(RestClient.java:750)
	at org.springframework.web.client.DefaultRestClient$DefaultResponseSpec.executeAndExtract(DefaultRestClient.java:896)
	at org.springframework.web.client.DefaultRestClient$DefaultResponseSpec.toBodilessEntity(DefaultRestClient.java:860)
	at org.springframework.cloud.netflix.eureka.http.RestClientEurekaHttpClient.register(RestClientEurekaHttpClient.java:64)
	at com.netflix.discovery.shared.transport.decorator.EurekaHttpClientDecorator$1.execute(EurekaHttpClientDecorator.java:59)
	at com.netflix.discovery.shared.transport.decorator.RedirectingEurekaHttpClient.execute(RedirectingEurekaHttpClient.java:91)
	at com.netflix.discovery.shared.transport.decorator.EurekaHttpClientDecorator.register(EurekaHttpClientDecorator.java:56)
	at com.netflix.discovery.shared.transport.decorator.EurekaHttpClientDecorator$1.execute(EurekaHttpClientDecorator.java:59)
	at com.netflix.discovery.shared.transport.decorator.RetryableEurekaHttpClient.execute(RetryableEurekaHttpClient.java:120)
	at com.netflix.discovery.shared.transport.decorator.EurekaHttpClientDecorator.register(EurekaHttpClientDecorator.java:56)
	at com.netflix.discovery.shared.transport.decorator.EurekaHttpClientDecorator$1.execute(EurekaHttpClientDecorator.java:59)
	at com.netflix.discovery.shared.transport.decorator.SessionedEurekaHttpClient.execute(SessionedEurekaHttpClient.java:76)
	at com.netflix.discovery.shared.transport.decorator.EurekaHttpClientDecorator.register(EurekaHttpClientDecorator.java:56)
	at com.netflix.discovery.DiscoveryClient.register(DiscoveryClient.java:828)
	at com.netflix.discovery.InstanceInfoReplicator.run(InstanceInfoReplicator.java:125)
	at com.netflix.discovery.InstanceInfoReplicator$2.run(InstanceInfoReplicator.java:105)
	at java.base/java.util.concurrent.Executors$RunnableAdapter.call(Executors.java:572)
	at java.base/java.util.concurrent.FutureTask.run(FutureTask.java:317)
	at java.base/java.util.concurrent.ScheduledThreadPoolExecutor$ScheduledFutureTask.run(ScheduledThreadPoolExecutor.java:304)
	at java.base/java.util.concurrent.ThreadPoolExecutor.runWorker(ThreadPoolExecutor.java:1144)
	at java.base/java.util.concurrent.ThreadPoolExecutor$Worker.run(ThreadPoolExecutor.java:642)
	at java.base/java.lang.Thread.run(Thread.java:1583)
Caused by: org.apache.hc.client5.http.HttpHostConnectException: Connect to http://localhost:8761 failed: Connection refused: getsockopt
	at java.base/sun.nio.ch.Net.pollConnect(Native Method)
	at java.base/sun.nio.ch.Net.pollConnectNow(Net.java:682)
	at java.base/sun.nio.ch.NioSocketImpl.timedFinishConnect(NioSocketImpl.java:542)
	at java.base/sun.nio.ch.NioSocketImpl.connect(NioSocketImpl.java:592)
	at java.base/java.net.SocksSocketImpl.connect(SocksSocketImpl.java:327)
	at java.base/java.net.Socket.connect(Socket.java:751)
	at org.apache.hc.client5.http.impl.io.DefaultHttpClientConnectionOperator.connect(DefaultHttpClientConnectionOperator.java:215)
	at org.apache.hc.client5.http.impl.io.PoolingHttpClientConnectionManager.connect(PoolingHttpClientConnectionManager.java:497)
	at org.apache.hc.client5.http.impl.classic.InternalExecRuntime.connectEndpoint(InternalExecRuntime.java:164)
	at org.apache.hc.client5.http.impl.classic.InternalExecRuntime.connectEndpoint(InternalExecRuntime.java:174)
	at org.apache.hc.client5.http.impl.classic.ConnectExec.execute(ConnectExec.java:144)
	at org.apache.hc.client5.http.impl.classic.ExecChainElement.execute(ExecChainElement.java:51)
	at org.apache.hc.client5.http.impl.classic.ProtocolExec.execute(ProtocolExec.java:195)
	at org.apache.hc.client5.http.impl.classic.ExecChainElement.execute(ExecChainElement.java:51)
	at org.apache.hc.client5.http.impl.classic.ContentCompressionExec.execute(ContentCompressionExec.java:151)
	at org.apache.hc.client5.http.impl.classic.ExecChainElement.execute(ExecChainElement.java:51)
	at org.apache.hc.client5.http.impl.classic.HttpRequestRetryExec.execute(HttpRequestRetryExec.java:112)
	at org.apache.hc.client5.http.impl.classic.ExecChainElement.execute(ExecChainElement.java:51)
	at org.apache.hc.client5.http.impl.classic.RedirectExec.execute(RedirectExec.java:110)
	at org.apache.hc.client5.http.impl.classic.ExecChainElement.execute(ExecChainElement.java:51)
	at org.apache.hc.client5.http.impl.classic.InternalHttpClient.doExecute(InternalHttpClient.java:185)
	at org.apache.hc.client5.http.impl.classic.CloseableHttpClient.execute(CloseableHttpClient.java:87)
	at org.apache.hc.client5.http.impl.classic.CloseableHttpClient.execute(CloseableHttpClient.java:55)
	at org.apache.hc.client5.http.classic.HttpClient.executeOpen(HttpClient.java:183)
	at org.springframework.http.client.HttpComponentsClientHttpRequest.executeInternal(HttpComponentsClientHttpRequest.java:99)
	at org.springframework.http.client.AbstractStreamingClientHttpRequest.executeInternal(AbstractStreamingClientHttpRequest.java:87)
	at org.springframework.http.client.AbstractClientHttpRequest.execute(AbstractClientHttpRequest.java:80)
	at org.springframework.http.client.AbstractBufferingClientHttpRequest.executeWithRequest(AbstractBufferingClientHttpRequest.java:89)
	at org.springframework.http.client.InterceptingClientHttpRequest$EndOfChainRequestExecution.execute(InterceptingClientHttpRequest.java:102)
	at org.springframework.cloud.netflix.eureka.http.RestClientTransportClientFactory.lambda$newClient$2(RestClientTransportClientFactory.java:98)
	at org.springframework.http.client.ClientHttpRequestInterceptor.lambda$andThen$1(ClientHttpRequestInterceptor.java:75)
	at org.springframework.http.client.support.BasicAuthenticationInterceptor.intercept(BasicAuthenticationInterceptor.java:80)
	at org.springframework.http.client.ClientHttpRequestInterceptor.lambda$andThen$0(ClientHttpRequestInterceptor.java:76)
	at org.springframework.http.client.ClientHttpRequestInterceptor.lambda$apply$0(ClientHttpRequestInterceptor.java:89)
	at org.springframework.http.client.InterceptingClientHttpRequest.executeInternal(InterceptingClientHttpRequest.java:73)
	at org.springframework.http.client.AbstractBufferingClientHttpRequest.executeInternal(AbstractBufferingClientHttpRequest.java:50)
	at org.springframework.http.client.AbstractClientHttpRequest.execute(AbstractClientHttpRequest.java:80)
	at org.springframework.web.client.DefaultRestClient$DefaultRequestBodyUriSpec.exchangeInternal(DefaultRestClient.java:609)
	... 23 more

2026-02-24T13:29:13.813-03:00  WARN 20116 --- [msclientes] [DiscoveryClient-InstanceInfoReplicator-%d] c.n.d.s.t.d.RetryableEurekaHttpClient    : Request execution failed with message: I/O error on POST request for "http://localhost:8761/eureka/apps/MSCLIENTES": Connect to http://localhost:8761 failed: Connection refused: getsockopt
2026-02-24T13:29:13.818-03:00  INFO 20116 --- [msclientes] [SpringApplicationShutdownHook] j.LocalContainerEntityManagerFactoryBean : Closing JPA EntityManagerFactory for persistence unit 'default'
2026-02-24T13:29:13.825-03:00  WARN 20116 --- [msclientes] [SpringApplicationShutdownHook] o.s.b.f.support.DisposableBeanAdapter    : Invocation of destroy method failed on bean with name 'inMemoryDatabaseShutdownExecutor': org.h2.jdbc.JdbcSQLNonTransientConnectionException: Database is already closed (to disable automatic closing at VM shutdown, add ";DB_CLOSE_ON_EXIT=FALSE" to the db URL) [90121-240]
2026-02-24T13:29:13.825-03:00  INFO 20116 --- [msclientes] [SpringApplicationShutdownHook] com.zaxxer.hikari.HikariDataSource       : HikariPool-1 - Shutdown initiated...
2026-02-24T13:29:13.827-03:00  INFO 20116 --- [msclientes] [SpringApplicationShutdownHook] com.zaxxer.hikari.HikariDataSource       : HikariPool-1 - Shutdown completed.
2026-02-24T13:29:13.827-03:00  INFO 20116 --- [msclientes] [SpringApplicationShutdownHook] com.netflix.discovery.DiscoveryClient    : Shutting down DiscoveryClient ...
2026-02-24T13:29:13.843-03:00  INFO 20116 --- [msclientes] [DiscoveryClient-InstanceInfoReplicator-%d] c.n.d.s.t.d.RedirectingEurekaHttpClient  : Request execution error. endpoint=DefaultEndpoint{ serviceUrl='http://eureka-user:aismdoiam12@localhost:8761/eureka/}, exception=I/O error on POST request for "http://localhost:8761/eureka/apps/MSCLIENTES": Connect to http://localhost:8761 failed: Connection refused: getsockopt stacktrace=org.springframework.web.client.ResourceAccessException: I/O error on POST request for "http://localhost:8761/eureka/apps/MSCLIENTES": Connect to http://localhost:8761 failed: Connection refused: getsockopt
	at org.springframework.web.client.DefaultRestClient$DefaultRequestBodyUriSpec.createResourceAccessException(DefaultRestClient.java:763)
	at org.springframework.web.client.DefaultRestClient$DefaultRequestBodyUriSpec.exchangeInternal(DefaultRestClient.java:615)
	at org.springframework.web.client.DefaultRestClient$DefaultRequestBodyUriSpec.exchange(DefaultRestClient.java:567)
	at org.springframework.web.client.RestClient$RequestHeadersSpec.exchange(RestClient.java:750)
	at org.springframework.web.client.DefaultRestClient$DefaultResponseSpec.executeAndExtract(DefaultRestClient.java:896)
	at org.springframework.web.client.DefaultRestClient$DefaultResponseSpec.toBodilessEntity(DefaultRestClient.java:860)
	at org.springframework.cloud.netflix.eureka.http.RestClientEurekaHttpClient.register(RestClientEurekaHttpClient.java:64)
	at com.netflix.discovery.shared.transport.decorator.EurekaHttpClientDecorator$1.execute(EurekaHttpClientDecorator.java:59)
	at com.netflix.discovery.shared.transport.decorator.RedirectingEurekaHttpClient.executeOnNewServer(RedirectingEurekaHttpClient.java:121)
	at com.netflix.discovery.shared.transport.decorator.RedirectingEurekaHttpClient.execute(RedirectingEurekaHttpClient.java:80)
	at com.netflix.discovery.shared.transport.decorator.EurekaHttpClientDecorator.register(EurekaHttpClientDecorator.java:56)
	at com.netflix.discovery.shared.transport.decorator.EurekaHttpClientDecorator$1.execute(EurekaHttpClientDecorator.java:59)
	at com.netflix.discovery.shared.transport.decorator.RetryableEurekaHttpClient.execute(RetryableEurekaHttpClient.java:120)
	at com.netflix.discovery.shared.transport.decorator.EurekaHttpClientDecorator.register(EurekaHttpClientDecorator.java:56)
	at com.netflix.discovery.shared.transport.decorator.EurekaHttpClientDecorator$1.execute(EurekaHttpClientDecorator.java:59)
	at com.netflix.discovery.shared.transport.decorator.SessionedEurekaHttpClient.execute(SessionedEurekaHttpClient.java:76)
	at com.netflix.discovery.shared.transport.decorator.EurekaHttpClientDecorator.register(EurekaHttpClientDecorator.java:56)
	at com.netflix.discovery.DiscoveryClient.register(DiscoveryClient.java:828)
	at com.netflix.discovery.InstanceInfoReplicator.run(InstanceInfoReplicator.java:125)
	at com.netflix.discovery.InstanceInfoReplicator$2.run(InstanceInfoReplicator.java:105)
	at java.base/java.util.concurrent.Executors$RunnableAdapter.call(Executors.java:572)
	at java.base/java.util.concurrent.FutureTask.run(FutureTask.java:317)
	at java.base/java.util.concurrent.ScheduledThreadPoolExecutor$ScheduledFutureTask.run(ScheduledThreadPoolExecutor.java:304)
	at java.base/java.util.concurrent.ThreadPoolExecutor.runWorker(ThreadPoolExecutor.java:1144)
	at java.base/java.util.concurrent.ThreadPoolExecutor$Worker.run(ThreadPoolExecutor.java:642)
	at java.base/java.lang.Thread.run(Thread.java:1583)
Caused by: org.apache.hc.client5.http.HttpHostConnectException: Connect to http://localhost:8761 failed: Connection refused: getsockopt
	at java.base/sun.nio.ch.Net.pollConnect(Native Method)
	at java.base/sun.nio.ch.Net.pollConnectNow(Net.java:682)
	at java.base/sun.nio.ch.NioSocketImpl.timedFinishConnect(NioSocketImpl.java:542)
	at java.base/sun.nio.ch.NioSocketImpl.connect(NioSocketImpl.java:592)
	at java.base/java.net.SocksSocketImpl.connect(SocksSocketImpl.java:327)
	at java.base/java.net.Socket.connect(Socket.java:751)
	at org.apache.hc.client5.http.impl.io.DefaultHttpClientConnectionOperator.connect(DefaultHttpClientConnectionOperator.java:215)
	at org.apache.hc.client5.http.impl.io.PoolingHttpClientConnectionManager.connect(PoolingHttpClientConnectionManager.java:497)
	at org.apache.hc.client5.http.impl.classic.InternalExecRuntime.connectEndpoint(InternalExecRuntime.java:164)
	at org.apache.hc.client5.http.impl.classic.InternalExecRuntime.connectEndpoint(InternalExecRuntime.java:174)
	at org.apache.hc.client5.http.impl.classic.ConnectExec.execute(ConnectExec.java:144)
	at org.apache.hc.client5.http.impl.classic.ExecChainElement.execute(ExecChainElement.java:51)
	at org.apache.hc.client5.http.impl.classic.ProtocolExec.execute(ProtocolExec.java:195)
	at org.apache.hc.client5.http.impl.classic.ExecChainElement.execute(ExecChainElement.java:51)
	at org.apache.hc.client5.http.impl.classic.ContentCompressionExec.execute(ContentCompressionExec.java:151)
	at org.apache.hc.client5.http.impl.classic.ExecChainElement.execute(ExecChainElement.java:51)
	at org.apache.hc.client5.http.impl.classic.HttpRequestRetryExec.execute(HttpRequestRetryExec.java:112)
	at org.apache.hc.client5.http.impl.classic.ExecChainElement.execute(ExecChainElement.java:51)
	at org.apache.hc.client5.http.impl.classic.RedirectExec.execute(RedirectExec.java:110)
	at org.apache.hc.client5.http.impl.classic.ExecChainElement.execute(ExecChainElement.java:51)
	at org.apache.hc.client5.http.impl.classic.InternalHttpClient.doExecute(InternalHttpClient.java:185)
	at org.apache.hc.client5.http.impl.classic.CloseableHttpClient.execute(CloseableHttpClient.java:87)
	at org.apache.hc.client5.http.impl.classic.CloseableHttpClient.execute(CloseableHttpClient.java:55)
	at org.apache.hc.client5.http.classic.HttpClient.executeOpen(HttpClient.java:183)
	at org.springframework.http.client.HttpComponentsClientHttpRequest.executeInternal(HttpComponentsClientHttpRequest.java:99)
	at org.springframework.http.client.AbstractStreamingClientHttpRequest.executeInternal(AbstractStreamingClientHttpRequest.java:87)
	at org.springframework.http.client.AbstractClientHttpRequest.execute(AbstractClientHttpRequest.java:80)
	at org.springframework.http.client.AbstractBufferingClientHttpRequest.executeWithRequest(AbstractBufferingClientHttpRequest.java:89)
	at org.springframework.http.client.InterceptingClientHttpRequest$EndOfChainRequestExecution.execute(InterceptingClientHttpRequest.java:102)
	at org.springframework.cloud.netflix.eureka.http.RestClientTransportClientFactory.lambda$newClient$2(RestClientTransportClientFactory.java:98)
	at org.springframework.http.client.ClientHttpRequestInterceptor.lambda$andThen$1(ClientHttpRequestInterceptor.java:75)
	at org.springframework.http.client.support.BasicAuthenticationInterceptor.intercept(BasicAuthenticationInterceptor.java:80)
	at org.springframework.http.client.ClientHttpRequestInterceptor.lambda$andThen$0(ClientHttpRequestInterceptor.java:76)
	at org.springframework.http.client.ClientHttpRequestInterceptor.lambda$apply$0(ClientHttpRequestInterceptor.java:89)
	at org.springframework.http.client.InterceptingClientHttpRequest.executeInternal(InterceptingClientHttpRequest.java:73)
	at org.springframework.http.client.AbstractBufferingClientHttpRequest.executeInternal(AbstractBufferingClientHttpRequest.java:50)
	at org.springframework.http.client.AbstractClientHttpRequest.execute(AbstractClientHttpRequest.java:80)
	at org.springframework.web.client.DefaultRestClient$DefaultRequestBodyUriSpec.exchangeInternal(DefaultRestClient.java:609)
	... 24 more

2026-02-24T13:29:13.843-03:00  WARN 20116 --- [msclientes] [DiscoveryClient-InstanceInfoReplicator-%d] c.n.d.s.t.d.RetryableEurekaHttpClient    : Request execution failed with message: I/O error on POST request for "http://localhost:8761/eureka/apps/MSCLIENTES": Connect to http://localhost:8761 failed: Connection refused: getsockopt
2026-02-24T13:29:13.843-03:00  WARN 20116 --- [msclientes] [DiscoveryClient-InstanceInfoReplicator-%d] com.netflix.discovery.DiscoveryClient    : DiscoveryClient_MSCLIENTES/msclientes:5b96080d92cc4ea81710725535262f5d - registration failed Cannot execute request on any known server

com.netflix.discovery.shared.transport.TransportException: Cannot execute request on any known server
	at com.netflix.discovery.shared.transport.decorator.RetryableEurekaHttpClient.execute(RetryableEurekaHttpClient.java:112) ~[eureka-client-2.0.5.jar:2.0.5]
	at com.netflix.discovery.shared.transport.decorator.EurekaHttpClientDecorator.register(EurekaHttpClientDecorator.java:56) ~[eureka-client-2.0.5.jar:2.0.5]
	at com.netflix.discovery.shared.transport.decorator.EurekaHttpClientDecorator$1.execute(EurekaHttpClientDecorator.java:59) ~[eureka-client-2.0.5.jar:2.0.5]
	at com.netflix.discovery.shared.transport.decorator.SessionedEurekaHttpClient.execute(SessionedEurekaHttpClient.java:76) ~[eureka-client-2.0.5.jar:2.0.5]
	at com.netflix.discovery.shared.transport.decorator.EurekaHttpClientDecorator.register(EurekaHttpClientDecorator.java:56) ~[eureka-client-2.0.5.jar:2.0.5]
	at com.netflix.discovery.DiscoveryClient.register(DiscoveryClient.java:828) ~[eureka-client-2.0.5.jar:2.0.5]
	at com.netflix.discovery.InstanceInfoReplicator.run(InstanceInfoReplicator.java:125) ~[eureka-client-2.0.5.jar:2.0.5]
	at com.netflix.discovery.InstanceInfoReplicator$2.run(InstanceInfoReplicator.java:105) ~[eureka-client-2.0.5.jar:2.0.5]
	at java.base/java.util.concurrent.Executors$RunnableAdapter.call(Executors.java:572) ~[na:na]
	at java.base/java.util.concurrent.FutureTask.run(FutureTask.java:317) ~[na:na]
	at java.base/java.util.concurrent.ScheduledThreadPoolExecutor$ScheduledFutureTask.run(ScheduledThreadPoolExecutor.java:304) ~[na:na]
	at java.base/java.util.concurrent.ThreadPoolExecutor.runWorker(ThreadPoolExecutor.java:1144) ~[na:na]
	at java.base/java.util.concurrent.ThreadPoolExecutor$Worker.run(ThreadPoolExecutor.java:642) ~[na:na]
	at java.base/java.lang.Thread.run(Thread.java:1583) ~[na:na]

2026-02-24T13:29:13.847-03:00  WARN 20116 --- [msclientes] [DiscoveryClient-InstanceInfoReplicator-%d] c.n.discovery.InstanceInfoReplicator     : There was a problem with the instance info replicator

com.netflix.discovery.shared.transport.TransportException: Cannot execute request on any known server
	at com.netflix.discovery.shared.transport.decorator.RetryableEurekaHttpClient.execute(RetryableEurekaHttpClient.java:112) ~[eureka-client-2.0.5.jar:2.0.5]
	at com.netflix.discovery.shared.transport.decorator.EurekaHttpClientDecorator.register(EurekaHttpClientDecorator.java:56) ~[eureka-client-2.0.5.jar:2.0.5]
	at com.netflix.discovery.shared.transport.decorator.EurekaHttpClientDecorator$1.execute(EurekaHttpClientDecorator.java:59) ~[eureka-client-2.0.5.jar:2.0.5]
	at com.netflix.discovery.shared.transport.decorator.SessionedEurekaHttpClient.execute(SessionedEurekaHttpClient.java:76) ~[eureka-client-2.0.5.jar:2.0.5]
	at com.netflix.discovery.shared.transport.decorator.EurekaHttpClientDecorator.register(EurekaHttpClientDecorator.java:56) ~[eureka-client-2.0.5.jar:2.0.5]
	at com.netflix.discovery.DiscoveryClient.register(DiscoveryClient.java:828) ~[eureka-client-2.0.5.jar:2.0.5]
	at com.netflix.discovery.InstanceInfoReplicator.run(InstanceInfoReplicator.java:125) ~[eureka-client-2.0.5.jar:2.0.5]
	at com.netflix.discovery.InstanceInfoReplicator$2.run(InstanceInfoReplicator.java:105) ~[eureka-client-2.0.5.jar:2.0.5]
	at java.base/java.util.concurrent.Executors$RunnableAdapter.call(Executors.java:572) ~[na:na]
	at java.base/java.util.concurrent.FutureTask.run(FutureTask.java:317) ~[na:na]
	at java.base/java.util.concurrent.ScheduledThreadPoolExecutor$ScheduledFutureTask.run(ScheduledThreadPoolExecutor.java:304) ~[na:na]
	at java.base/java.util.concurrent.ThreadPoolExecutor.runWorker(ThreadPoolExecutor.java:1144) ~[na:na]
	at java.base/java.util.concurrent.ThreadPoolExecutor$Worker.run(ThreadPoolExecutor.java:642) ~[na:na]
	at java.base/java.lang.Thread.run(Thread.java:1583) ~[na:na]

2026-02-24T13:29:13.848-03:00  INFO 20116 --- [msclientes] [SpringApplicationShutdownHook] com.netflix.discovery.DiscoveryClient    : Unregistering ...
2026-02-24T13:29:13.873-03:00  INFO 20116 --- [msclientes] [SpringApplicationShutdownHook] c.n.d.s.t.d.RedirectingEurekaHttpClient  : Request execution error. endpoint=DefaultEndpoint{ serviceUrl='http://eureka-user:aismdoiam12@localhost:8761/eureka/}, exception=I/O error on DELETE request for "http://localhost:8761/eureka/apps/MSCLIENTES/msclientes:5b96080d92cc4ea81710725535262f5d": Connect to http://localhost:8761 failed: Connection refused: getsockopt stacktrace=org.springframework.web.client.ResourceAccessException: I/O error on DELETE request for "http://localhost:8761/eureka/apps/MSCLIENTES/msclientes:5b96080d92cc4ea81710725535262f5d": Connect to http://localhost:8761 failed: Connection refused: getsockopt
	at org.springframework.web.client.DefaultRestClient$DefaultRequestBodyUriSpec.createResourceAccessException(DefaultRestClient.java:763)
	at org.springframework.web.client.DefaultRestClient$DefaultRequestBodyUriSpec.exchangeInternal(DefaultRestClient.java:615)
	at org.springframework.web.client.DefaultRestClient$DefaultRequestBodyUriSpec.exchange(DefaultRestClient.java:567)
	at org.springframework.web.client.RestClient$RequestHeadersSpec.exchange(RestClient.java:750)
	at org.springframework.web.client.DefaultRestClient$DefaultResponseSpec.executeAndExtract(DefaultRestClient.java:896)
	at org.springframework.web.client.DefaultRestClient$DefaultResponseSpec.toBodilessEntity(DefaultRestClient.java:860)
	at org.springframework.cloud.netflix.eureka.http.RestClientEurekaHttpClient.cancel(RestClientEurekaHttpClient.java:73)
	at com.netflix.discovery.shared.transport.decorator.EurekaHttpClientDecorator$2.execute(EurekaHttpClientDecorator.java:74)
	at com.netflix.discovery.shared.transport.decorator.RedirectingEurekaHttpClient.executeOnNewServer(RedirectingEurekaHttpClient.java:121)
	at com.netflix.discovery.shared.transport.decorator.RedirectingEurekaHttpClient.execute(RedirectingEurekaHttpClient.java:80)
	at com.netflix.discovery.shared.transport.decorator.EurekaHttpClientDecorator.cancel(EurekaHttpClientDecorator.java:71)
	at com.netflix.discovery.shared.transport.decorator.EurekaHttpClientDecorator$2.execute(EurekaHttpClientDecorator.java:74)
	at com.netflix.discovery.shared.transport.decorator.RetryableEurekaHttpClient.execute(RetryableEurekaHttpClient.java:120)
	at com.netflix.discovery.shared.transport.decorator.EurekaHttpClientDecorator.cancel(EurekaHttpClientDecorator.java:71)
	at com.netflix.discovery.shared.transport.decorator.EurekaHttpClientDecorator$2.execute(EurekaHttpClientDecorator.java:74)
	at com.netflix.discovery.shared.transport.decorator.SessionedEurekaHttpClient.execute(SessionedEurekaHttpClient.java:76)
	at com.netflix.discovery.shared.transport.decorator.EurekaHttpClientDecorator.cancel(EurekaHttpClientDecorator.java:71)
	at com.netflix.discovery.DiscoveryClient.unregister(DiscoveryClient.java:919)
	at com.netflix.discovery.DiscoveryClient.shutdown(DiscoveryClient.java:900)
	at java.base/jdk.internal.reflect.DirectMethodHandleAccessor.invoke(DirectMethodHandleAccessor.java:103)
	at java.base/java.lang.reflect.Method.invoke(Method.java:580)
	at org.springframework.beans.factory.annotation.InitDestroyAnnotationBeanPostProcessor$LifecycleMethod.invoke(InitDestroyAnnotationBeanPostProcessor.java:453)
	at org.springframework.beans.factory.annotation.InitDestroyAnnotationBeanPostProcessor$LifecycleMetadata.invokeDestroyMethods(InitDestroyAnnotationBeanPostProcessor.java:411)
	at org.springframework.beans.factory.annotation.InitDestroyAnnotationBeanPostProcessor.postProcessBeforeDestruction(InitDestroyAnnotationBeanPostProcessor.java:237)
	at org.springframework.beans.factory.support.DisposableBeanAdapter.destroy(DisposableBeanAdapter.java:200)
	at org.springframework.beans.factory.support.DisposableBeanAdapter.run(DisposableBeanAdapter.java:193)
	at org.springframework.cloud.context.scope.GenericScope$BeanLifecycleWrapper.destroy(GenericScope.java:387)
	at org.springframework.cloud.context.scope.GenericScope.destroy(GenericScope.java:134)
	at org.springframework.beans.factory.support.DisposableBeanAdapter.destroy(DisposableBeanAdapter.java:209)
	at org.springframework.beans.factory.support.DefaultSingletonBeanRegistry.destroyBean(DefaultSingletonBeanRegistry.java:795)
	at org.springframework.beans.factory.support.DefaultSingletonBeanRegistry.destroySingleton(DefaultSingletonBeanRegistry.java:745)
	at org.springframework.beans.factory.support.DefaultListableBeanFactory.destroySingleton(DefaultListableBeanFactory.java:1500)
	at org.springframework.beans.factory.support.DefaultSingletonBeanRegistry.destroySingletons(DefaultSingletonBeanRegistry.java:704)
	at org.springframework.beans.factory.support.DefaultListableBeanFactory.destroySingletons(DefaultListableBeanFactory.java:1493)
	at org.springframework.context.support.AbstractApplicationContext.destroyBeans(AbstractApplicationContext.java:1225)
	at org.springframework.context.support.AbstractApplicationContext.doClose(AbstractApplicationContext.java:1186)
	at org.springframework.boot.web.server.servlet.context.ServletWebServerApplicationContext.doClose(ServletWebServerApplicationContext.java:176)
	at org.springframework.context.support.AbstractApplicationContext.close(AbstractApplicationContext.java:1132)
	at org.springframework.boot.SpringApplicationShutdownHook.closeAndWait(SpringApplicationShutdownHook.java:147)
	at java.base/java.lang.Iterable.forEach(Iterable.java:75)
	at org.springframework.boot.SpringApplicationShutdownHook.run(SpringApplicationShutdownHook.java:116)
	at java.base/java.lang.Thread.run(Thread.java:1583)
Caused by: org.apache.hc.client5.http.HttpHostConnectException: Connect to http://localhost:8761 failed: Connection refused: getsockopt
	at java.base/sun.nio.ch.Net.pollConnect(Native Method)
	at java.base/sun.nio.ch.Net.pollConnectNow(Net.java:682)
	at java.base/sun.nio.ch.NioSocketImpl.timedFinishConnect(NioSocketImpl.java:542)
	at java.base/sun.nio.ch.NioSocketImpl.connect(NioSocketImpl.java:592)
	at java.base/java.net.SocksSocketImpl.connect(SocksSocketImpl.java:327)
	at java.base/java.net.Socket.connect(Socket.java:751)
	at org.apache.hc.client5.http.impl.io.DefaultHttpClientConnectionOperator.connect(DefaultHttpClientConnectionOperator.java:215)
	at org.apache.hc.client5.http.impl.io.PoolingHttpClientConnectionManager.connect(PoolingHttpClientConnectionManager.java:497)
	at org.apache.hc.client5.http.impl.classic.InternalExecRuntime.connectEndpoint(InternalExecRuntime.java:164)
	at org.apache.hc.client5.http.impl.classic.InternalExecRuntime.connectEndpoint(InternalExecRuntime.java:174)
	at org.apache.hc.client5.http.impl.classic.ConnectExec.execute(ConnectExec.java:144)
	at org.apache.hc.client5.http.impl.classic.ExecChainElement.execute(ExecChainElement.java:51)
	at org.apache.hc.client5.http.impl.classic.ProtocolExec.execute(ProtocolExec.java:195)
	at org.apache.hc.client5.http.impl.classic.ExecChainElement.execute(ExecChainElement.java:51)
	at org.apache.hc.client5.http.impl.classic.ContentCompressionExec.execute(ContentCompressionExec.java:151)
	at org.apache.hc.client5.http.impl.classic.ExecChainElement.execute(ExecChainElement.java:51)
	at org.apache.hc.client5.http.impl.classic.HttpRequestRetryExec.execute(HttpRequestRetryExec.java:112)
	at org.apache.hc.client5.http.impl.classic.ExecChainElement.execute(ExecChainElement.java:51)
	at org.apache.hc.client5.http.impl.classic.RedirectExec.execute(RedirectExec.java:110)
	at org.apache.hc.client5.http.impl.classic.ExecChainElement.execute(ExecChainElement.java:51)
	at org.apache.hc.client5.http.impl.classic.InternalHttpClient.doExecute(InternalHttpClient.java:185)
	at org.apache.hc.client5.http.impl.classic.CloseableHttpClient.execute(CloseableHttpClient.java:87)
	at org.apache.hc.client5.http.impl.classic.CloseableHttpClient.execute(CloseableHttpClient.java:55)
	at org.apache.hc.client5.http.classic.HttpClient.executeOpen(HttpClient.java:183)
	at org.springframework.http.client.HttpComponentsClientHttpRequest.executeInternal(HttpComponentsClientHttpRequest.java:99)
	at org.springframework.http.client.AbstractStreamingClientHttpRequest.executeInternal(AbstractStreamingClientHttpRequest.java:87)
	at org.springframework.http.client.AbstractClientHttpRequest.execute(AbstractClientHttpRequest.java:80)
	at org.springframework.http.client.AbstractBufferingClientHttpRequest.executeWithRequest(AbstractBufferingClientHttpRequest.java:89)
	at org.springframework.http.client.InterceptingClientHttpRequest$EndOfChainRequestExecution.execute(InterceptingClientHttpRequest.java:102)
	at org.springframework.cloud.netflix.eureka.http.RestClientTransportClientFactory.lambda$newClient$2(RestClientTransportClientFactory.java:98)
	at org.springframework.http.client.ClientHttpRequestInterceptor.lambda$andThen$1(ClientHttpRequestInterceptor.java:75)
	at org.springframework.http.client.support.BasicAuthenticationInterceptor.intercept(BasicAuthenticationInterceptor.java:80)
	at org.springframework.http.client.ClientHttpRequestInterceptor.lambda$andThen$0(ClientHttpRequestInterceptor.java:76)
	at org.springframework.http.client.ClientHttpRequestInterceptor.lambda$apply$0(ClientHttpRequestInterceptor.java:89)
	at org.springframework.http.client.InterceptingClientHttpRequest.executeInternal(InterceptingClientHttpRequest.java:73)
	at org.springframework.http.client.AbstractBufferingClientHttpRequest.executeInternal(AbstractBufferingClientHttpRequest.java:50)
	at org.springframework.http.client.AbstractClientHttpRequest.execute(AbstractClientHttpRequest.java:80)
	at org.springframework.web.client.DefaultRestClient$DefaultRequestBodyUriSpec.exchangeInternal(DefaultRestClient.java:609)
	... 40 more

2026-02-24T13:29:13.873-03:00  WARN 20116 --- [msclientes] [SpringApplicationShutdownHook] c.n.d.s.t.d.RetryableEurekaHttpClient    : Request execution failed with message: I/O error on DELETE request for "http://localhost:8761/eureka/apps/MSCLIENTES/msclientes:5b96080d92cc4ea81710725535262f5d": Connect to http://localhost:8761 failed: Connection refused: getsockopt
2026-02-24T13:29:13.873-03:00 ERROR 20116 --- [msclientes] [SpringApplicationShutdownHook] com.netflix.discovery.DiscoveryClient    : DiscoveryClient_MSCLIENTES/msclientes:5b96080d92cc4ea81710725535262f5d - de-registration failedCannot execute request on any known server

com.netflix.discovery.shared.transport.TransportException: Cannot execute request on any known server
	at com.netflix.discovery.shared.transport.decorator.RetryableEurekaHttpClient.execute(RetryableEurekaHttpClient.java:112) ~[eureka-client-2.0.5.jar:2.0.5]
	at com.netflix.discovery.shared.transport.decorator.EurekaHttpClientDecorator.cancel(EurekaHttpClientDecorator.java:71) ~[eureka-client-2.0.5.jar:2.0.5]
	at com.netflix.discovery.shared.transport.decorator.EurekaHttpClientDecorator$2.execute(EurekaHttpClientDecorator.java:74) ~[eureka-client-2.0.5.jar:2.0.5]
	at com.netflix.discovery.shared.transport.decorator.SessionedEurekaHttpClient.execute(SessionedEurekaHttpClient.java:76) ~[eureka-client-2.0.5.jar:2.0.5]
	at com.netflix.discovery.shared.transport.decorator.EurekaHttpClientDecorator.cancel(EurekaHttpClientDecorator.java:71) ~[eureka-client-2.0.5.jar:2.0.5]
	at com.netflix.discovery.DiscoveryClient.unregister(DiscoveryClient.java:919) ~[eureka-client-2.0.5.jar:2.0.5]
	at com.netflix.discovery.DiscoveryClient.shutdown(DiscoveryClient.java:900) ~[eureka-client-2.0.5.jar:2.0.5]
	at java.base/jdk.internal.reflect.DirectMethodHandleAccessor.invoke(DirectMethodHandleAccessor.java:103) ~[na:na]
	at java.base/java.lang.reflect.Method.invoke(Method.java:580) ~[na:na]
	at org.springframework.beans.factory.annotation.InitDestroyAnnotationBeanPostProcessor$LifecycleMethod.invoke(InitDestroyAnnotationBeanPostProcessor.java:453) ~[spring-beans-7.0.2.jar:7.0.2]
	at org.springframework.beans.factory.annotation.InitDestroyAnnotationBeanPostProcessor$LifecycleMetadata.invokeDestroyMethods(InitDestroyAnnotationBeanPostProcessor.java:411) ~[spring-beans-7.0.2.jar:7.0.2]
	at org.springframework.beans.factory.annotation.InitDestroyAnnotationBeanPostProcessor.postProcessBeforeDestruction(InitDestroyAnnotationBeanPostProcessor.java:237) ~[spring-beans-7.0.2.jar:7.0.2]
	at org.springframework.beans.factory.support.DisposableBeanAdapter.destroy(DisposableBeanAdapter.java:200) ~[spring-beans-7.0.2.jar:7.0.2]
	at org.springframework.beans.factory.support.DisposableBeanAdapter.run(DisposableBeanAdapter.java:193) ~[spring-beans-7.0.2.jar:7.0.2]
	at org.springframework.cloud.context.scope.GenericScope$BeanLifecycleWrapper.destroy(GenericScope.java:387) ~[spring-cloud-context-5.0.0.jar:5.0.0]
	at org.springframework.cloud.context.scope.GenericScope.destroy(GenericScope.java:134) ~[spring-cloud-context-5.0.0.jar:5.0.0]
	at org.springframework.beans.factory.support.DisposableBeanAdapter.destroy(DisposableBeanAdapter.java:209) ~[spring-beans-7.0.2.jar:7.0.2]
	at org.springframework.beans.factory.support.DefaultSingletonBeanRegistry.destroyBean(DefaultSingletonBeanRegistry.java:795) ~[spring-beans-7.0.2.jar:7.0.2]
	at org.springframework.beans.factory.support.DefaultSingletonBeanRegistry.destroySingleton(DefaultSingletonBeanRegistry.java:745) ~[spring-beans-7.0.2.jar:7.0.2]
	at org.springframework.beans.factory.support.DefaultListableBeanFactory.destroySingleton(DefaultListableBeanFactory.java:1500) ~[spring-beans-7.0.2.jar:7.0.2]
	at org.springframework.beans.factory.support.DefaultSingletonBeanRegistry.destroySingletons(DefaultSingletonBeanRegistry.java:704) ~[spring-beans-7.0.2.jar:7.0.2]
	at org.springframework.beans.factory.support.DefaultListableBeanFactory.destroySingletons(DefaultListableBeanFactory.java:1493) ~[spring-beans-7.0.2.jar:7.0.2]
	at org.springframework.context.support.AbstractApplicationContext.destroyBeans(AbstractApplicationContext.java:1225) ~[spring-context-7.0.2.jar:7.0.2]
	at org.springframework.context.support.AbstractApplicationContext.doClose(AbstractApplicationContext.java:1186) ~[spring-context-7.0.2.jar:7.0.2]
	at org.springframework.boot.web.server.servlet.context.ServletWebServerApplicationContext.doClose(ServletWebServerApplicationContext.java:176) ~[spring-boot-web-server-4.0.1.jar:4.0.1]
	at org.springframework.context.support.AbstractApplicationContext.close(AbstractApplicationContext.java:1132) ~[spring-context-7.0.2.jar:7.0.2]
	at org.springframework.boot.SpringApplicationShutdownHook.closeAndWait(SpringApplicationShutdownHook.java:147) ~[spring-boot-4.0.1.jar:4.0.1]
	at java.base/java.lang.Iterable.forEach(Iterable.java:75) ~[na:na]
	at org.springframework.boot.SpringApplicationShutdownHook.run(SpringApplicationShutdownHook.java:116) ~[spring-boot-4.0.1.jar:4.0.1]
	at java.base/java.lang.Thread.run(Thread.java:1583) ~[na:na]

2026-02-24T13:29:13.875-03:00  INFO 20116 --- [msclientes] [SpringApplicationShutdownHook] com.netflix.discovery.DiscoveryClient    : Completed shut down of DiscoveryClient
